"Record.ID","dcterms.bibliographicCitation","dcterms.bibliographicCitation.1","collectionID","collectionCode","dataGeneralizations","Data.Resource.ID","datasetID","datasetName","dynamicProperties","informationWithheld","institutionID","institutionCode","dcterms.language","dcterms.license","dcterms.modified","ownerInstitutionCode","basisOfRecord","dcterms.references","dcterms.accessRights","dcterms.rightsHolder","dcterms.type","associatedMedia","associatedReferences","associatedSequences","associatedTaxa","behavior","catalogNumber","recordedBy","disposition","establishmentMeans","individualCount","lifeStage","occurrenceRemarks","occurrenceStatus","occurrenceID","organismQuantity","organismQuantityType","otherCatalogNumbers","preparations","sex","recordNumber","reproductiveCondition","associatedOrganisms","associatedOccurrences","organismID","organismName","organismRemarks","organismScope","previousIdentifications","day","endDayOfYear","eventRemarks","eventTime","eventID","fieldNotes","fieldNumber","habitat","month","eventDate","parentEventID","sampleSizeUnit","samplingEffort","samplingProtocol","startDayOfYear","verbatimEventDate","year","continent","coordinatePrecision","coordinateUncertaintyInMeters","country","countryCode","county","verbatimDepth","verbatimElevation","footprintSRS","footprintSpatialFit","footprintWKT","geodeticDatum","georeferenceProtocol","georeferenceRemarks","georeferenceSources","georeferenceVerificationStatus","georeferencedBy","georeferencedDate","higherGeography","higherGeographyID","island","islandGroup","decimalLatitude","locality","locationAccordingTo","locationRemarks","locationID","decimalLongitude","maximumDepthInMeters","maximumElevationInMeters","maximumDistanceAboveSurfaceInMeters","minimumDepthInMeters","minimumElevationInMeters","minimumDistanceAboveSurfaceInMeters","municipality","pointRadiusSpatialFit","stateProvince","verbatimCoordinateSystem","verbatimCoordinates","verbatimLatitude","verbatimLocality","verbatimLongitude","verbatimSRS","waterBody","identificationID","identificationReferences","identificationRemarks","identificationVerificationStatus","identifiedBy","dateIdentified","identificationQualifier","typeStatus","acceptedNameUsage","acceptedNameUsageID","class","class.1","vernacularName","family","genus","higherClassification","infraspecificEpithet","kingdom","nameAccordingTo","nameAccordingToID","namePublishedIn","namePublishedInID","namePublishedInYear","nomenclaturalCode","nomenclaturalStatus","order","originalNameUsageID","originalNameUsage","parentNameUsage","parentNameUsageID","phylum","taxonRank","scientificNameAuthorship","scientificNameID","specificEpithet","specificEpithet.1","subgenus","taxonID","taxonRemarks","taxonConceptID","scientificName","taxonomicStatus","verbatimTaxonRank","measurementAccuracy","measurementDeterminedBy","measurementDeterminedDate","measurementID","measurementMethod","measurementRemarks","measurementType","measurementUnit","measurementValue","austConservation.p","stateConservation.p","speciesGroups.p","Species.subgroups","Subspecies...matched","Outlier.for.layer","Taxon.identification.issue","Location.Quality","Australia.s.Indigenous.forest.estate..2013..v2.0","Forests.of.Australia..2013..v2.0","Tenure.of.Australia.s.forests..2013..v2.0","ph","NVIS.4.1.MVG","NVIS.4.1.MVS","Nitrogen","IGBP.Land.Cover.vegetation.classification.scheme..2011.","Fruit.Fly.Exclusion.Zone...Tri.State","Precipitation...annual.mean","National.Dynamic.Land.Cover","X2030A1BMk35M..Evaporation...month.max","X2030A1BMk35M..Evaporation...annual.mean","Phylloxera.Infection.Zone...Maroondah..Victoria","WoFS","Phenology.max.1.2002","Phenology.max.1.2012","Shannon.Diversity..H.","Occurrence.Density","Species.Richness","Endemism","Endemism..Non.marine.","Phylogenetic.Tree.2857","Phylogenetic.Tree.4152","Phylogenetic.Tree.5","Marspec.Annual.Variance.in.SST","X2030A1BMk35M..Evaporation...month.min","Marspec.Annual.Range.in.SST","Marspec.SST.of.the.warmest.ice.free.month","Marspec.SST.of.the.coldest.ice.free.month","Marspec.Mean.Annual.SST","Marspec.Annual.Variance.in.SSS","Marspec.Annual.Range.in.SSS","Marspec.Maximum.Monthly.SSS","Marspec.Minimum.Monthly.SSS","Marspec.Mean.Annual.SSS","Marspec.Concavity","Marspec.Bathymetric.Slope","Marspec.Distance.to.Shore","Marspec.Profile.Curvature","Marspec.Plan.Curvature.","Marspec.North.South.Aspect","Fractional.Cover...Bare.Soil..2012.03.05.","Marspec.East.West.Aspect","Weathering.Intensity.V2","Euclidean.Distance.to.Coast..metres.","Euclidean.Distance.to.Coast..metres..1","Leaf.Area.Index..LAI....2012.03.05","Fraction.of.Photosynthetically.Active.Radiation..fPAR.","X2030A1BMk35M..Temperature...annual.max.mean","Enhanced.Vegetation.Index..2012.03.05.","Normalized.Difference.Vegetation.Index..2012.03.05.","Gross.Primary.Productivity..2012.03.13.","Fractional.Cover...Non.persistent.Vegetation..2012.03.05.","Fractional.Cover...Persistent.Vegetation..2012.03.05.","X2030A1BMk35M..Water.potential...month.max","X2030A1BMk35M..Water.potential...month.min","X2030A1BMk35M..Water.potential...annual.mean","X2030A1BMk35M..Water.deficit...month.min","X2030A1BMk35M..Water.deficit...month.mean","X2030A1BMk35M..Water.deficit...month.max","X2030A1BMk35M..Temperature...max.month.diurnal.range","X2030A1BMk35M..Temperature...mean.annual.diurnal.range","X2030A1BMk35M..Temperature...min.month.diurnal.range","X2030A1BMk35M..Temperature...annual.range","X2030A1BMk35M..Precipitation...equinox.seasonality.ratio","X2030A1BMk35M..Precipitation...spring.or.autumn.season","X2030A1BMk35M..Precipitation...solstice.seasonality.ratio","X2030A1BMk35M..Precipitation...summer.or.winter.season","X2030A1BMk35M..Water.surplus...month.min","X2030A1BMk35M..Water.surplus...annual.mean","X2030A1BMk35M..Water.surplus...month.max","X2030A1BMk35M..Temperature...min.difference.in.max","X2030A1BMk35M..Temperature...max.difference.in.max","X2030A1BMk35M..Temperature...min.difference.in.min","X2030A1BMk35M..Temperature...max.difference.in.min","X2030A1BMk35M..Precipitation...min.difference.between.successive.months","X2030A1BMk35M..Precipitation...max.difference.between.successive.months","X2030A1BMk35M..Humidity...month.max.relative.3pm","X2030A1BMk35M..Humidity...annual.mean.relative.3pm","X2030A1BMk35M..Humidity...month.min.relative.3pm","X2030A1BMk35M..Precipitation...wettest.month","X2030A1BMk35M..Precipitation...annual.mean","X2030A1BMk35M..Precipitation...driest.month","X2030A1BMk35M..Radiation...max.month.precipitation.modified","X2030A1BMk35M..Radiation...mean.annual.precipitation.modified","X2030A1BMk35M..Radiation...min.month.precipitation.modified","X2030A1BMk35M..Water.stress.index...month.min","X2030A1BMk35M..Water.stress.index...annual.mean","X2030A1BMk35M..Temperature...coolest.month.max","X2030A1BMk35M..Water.stress.index...month.max","X2030A1BMk35M..Temperature...warmest.month.min","X2030A1BMk35M..Temperature...annual.min.mean","X2030A1BMk35M..Temperature...coldest.month.min","X2030A1BMk35M..Growth.index.C3.mesotherm.plants...annual.mean","X2030A1BMk35M..Growth.index.C3.macrotherm.plants...annual.mean","X2030A1BMk35M..Temperature...month.hottest.maximum","X2030A1BMk35M..Crop.factor...month.min","X2030A1BMk35M..Crop.factor...annual.mean","X2030A1BMk35M..Crop.factor...month.max","X2030A1BMk35M..Growth.index.C4.megatherm.plants...annual.mean","X2030A1BMk35M..Aridity.index...month.min","X2030A1BMk35M..Aridity.index...annual.mean","X2030A1BMk35M..Aridity.index...month.max","X2030A1BMk35M..Precipitation.deficit...month.min","X2030A1BMk35M..Precipitation.deficit...annual.mean","X2030A1BMk35M..Precipitation.deficit...month.max","Great.Barrier.Reef.100m.DEM","Euclidean.Distance.to.the.Australian.Coastline","Phylloxera.Infection.Zone...Mooroopna..Victoria","Phosphorus","Potassium","Carbon...organic","Population...change","Unemployment.rate","Age...prime.group","Population...density.SLA.2006.p.sqkm.","Work.force...older","Age","Internet","Income...low","Employment","Income...high","Education...vocational.training","Home.ownership","Education...degrees","Disadvantaged.","Weathering.Intensity","Averaged.Topographic.Relief","Sea.Surface.Temperature...MODIS.Terra","Topographic.slope....","SeaWiFS.Chlorophyll.Mean","Unreliable.water.retention.parameters","Valley.bottom..","Topographic.wetness.index","Water.holding.capacity...plant.available.","Soil.depth","Topographic.roughness","Ridge.top.flatness...proportion","Topographic.relief","Phosphorus...plant.available.total.pre.European","Phosphorus...plant.available.pre.European","Phosphorus.pre.European","Soil.pedality","Magnetic.anomalies","Nutrient.status","Nitrogen...plant.available.pre.European","Nitrogen.store.pre.European","Nitrogen.concentration.pre.European","Valley.bottom.flatness.index","Ridge.top.flatness","Hydrological.conductivity...uncertainty","Hydrologic.conductivity...average.saturated","Pedality.hydrological.score","Bouguer.gravity.anomalies","Lithology...age.range","Lithology...mean.age","Lithology...mean.age.range..log.","Lithology...mean.age..log.","Lithology...fertility","Erosional.surfaces...proportion","Distance...to.permanent.water..weighted.","Distance...to.non.permanent.water..weighted.","Distance...to.coast","Precipitation.deficit...month.max","Substrate.data.reliability","Distance...to.any.water..weighted.","Carbon.store.pre.European","Soils...coarse","Calcrete","Clay..","Temperature...min.absolute.mean.min","Bulk.density","GEOMACS...geometric.mean","ASRIS.0.1m.Plant.Available.Water.Capacity..250m.raster.","ASRIS.0.30cm.Clay.Content..250m.raster.","ASRIS.0.30cm.Bulk.Density..250m.raster.","Topographic.Slope..degrees.","Sheep.numbers","SeaWIFS.K490.Mean","Gypsum","Natural.resource.management.expenditure...additional","Dolomite..physical.","Dolomite..acidity.","Lime","Dairy.numbers","Beef.numbers","Fire.frequency","Time.since.last.burn","Threatened.communities..2008.","Precipitation.deficit...annual.mean","Moisture...average","Threatened.species..2008.","Moisture...variability","Slope.length","Runoff...average","Precipitation...summer.reliability","Precipitation...winter.reliability","Precipitation...autumn.reliability","Precipitation...spring.reliability","Precipitation...summer","Precipitation...winter","Precipitation...autumn","Precipitation...spring","Precipitation...annual","Water.holding.capacity","NPP.Mean","Natural.resource.management.expenditure","Erodibility","Migratory.species..2008.","NDVI.Mean","Evaporation...average","Erosivity","Evaporation...variability","Elevation.","Drainage...variability","Drainage...average","Remoteness.index","Aspect","Nitrate...mean..cars2006.","Water.potential...month.min","Phosphate...mean..cars2006.","Silicate...mean..cars2006.","oxygen...mean..cars2006.","Salinity...mean..cars2009a.","Temperature...mean..cars2009a.","Phylloxera.Infection.Zone...Nagambie...Victoria","Water.potential...annual.mean","Water.potential...month.max","WorldClim..Temperature...driest.quarter.mean","WorldClim..Temperature...wettest.quarter.mean","WorldClim..Temperature...annual.range","WorldClim..Temperature...coldest.month.min","WorldClim..Temperature...warmest.month.max","WorldClim..Temperature...seasonality","WorldClim..Temperature...isothermality","WorldClim..Temperature...diurnal.range.mean","WorldClim..Precipitation...coldest.quarter","WorldClim..Precipitation...warmest.quarter","WorldClim..Precipitation...driest.quarter","WorldClim..Precipitation...wettest.quarter","WorldClim..Precipitation...seasonality","WorldClim..Precipitation...driest.month","WorldClim..Precipitation...wettest.month","WorldClim..Precipitation...annual","WorldClim..Temperature...coldest.quarter.mean","WorldClim..Temperature...warmest.quarter.mean","WorldClim..Temperature...annual.mean","Wind.speed...month.min.9am.or.3pm.","Wind.speed...annual.mean.9am.or.3pm","Wind.speed...month.max.9am.or.3pm","Wind.speed...month.max.9am.","Vapour.pressure.deficit...month.max.9am","Wind.speed...annual.mean.9am","Wind.speed...month.min.9am","Wind.speed...month.max.3pm","Wind.speed...annual.mean.3pm","Wind.speed...month.min.3pm","Wind.run...month.max","Wind.run...annual.mean","Wind.run...month.min","Water.deficit...month.min","Water.deficit...month.mean","Water.deficit...month.max","Vapour.pressure.deficit...month.min","Vapour.pressure.deficit...annual.mean","Vapour.pressure.deficit...month.max","Vapour.pressure.deficit...annual.mean.9am","Vapour.pressure.deficit...month.min.9am","Temperature...max.month.diurnal.range","Temperature...mean.annual.diurnal.range","Temperature...min.month.diurnal.range","Temperature...annual.range","Temperature...mean.annual.absolute.mean.min","Temperature...max.absolute.mean.max","Temperature...month.mean.absolute.max","Precipitation...equinox.seasonality.ratio","Precipitation...spring.or.autumn.season","Precipitation...solstice.seasonality.ratio","Precipitation...summer.or.winter.season","Precipitation...annual.seasonality.ratio","Precipitation...annual.seasonality","Water.surplus...month.min","Water.surplus...annual.mean","Water.surplus...month.max","Precipitation...spring.or.autumn..log..season","Precipitation...summer.or.winter..log..season","Precipitation...annual..log..seasonality.index","Temperature...min.difference.in.max","Temperature...max.difference.in.max","Temperature...min.difference.in.min","Temperature...max.difference.in.min","Precipitation...min.difference.between.successive.months","Precipitation...max.difference.between.successive.months","Humidity...month.max.relative.3pm.","Humidity...annual.mean.relative.3pm.","Humidity...month.min.relative.3pm.","Humidity...month.min.relative","Humidity...annual.mean.relative","Humidity...month.max.relative","Precipitation...wettest.month","Precipitation...driest.month","Radiation...max.month.precipitation.modified","Radiation...mean.annual.precipitation.modified","Radiation...min.month.precipitation.modified","Water.stress.index...month.min","Water.stress.index...annual.mean","Water.stress.index...month.max","Temperature...warmest.month.min","Temperature...annual.min.mean","Temperature...coldest.month.min","Growth.index.C3.mesotherm.plants...annual.mean","Growth.index.C3.macrotherm.plants...annual.mean","Temperature...month.hottest.maximum","Temperature...annual.max.mean","Temperature...coolest.month.max","Crop.factor...month.min","Evaporation...month.max","Evaporation...annual.mean","Evaporation...month.min","Temperature...driest.quarter.mean..Bio09.","Crop.factor...annual.mean","Crop.factor...month.max","Growth.index.C4.megatherm.plants...annual.mean","Temperature...wettest.quarter.mean","Temperature...annual.range..Bio07.","Temperature...coldest.period.min..Bio06.","Temperature...warmest.period.max..Bio05.","Temperature...seasonality..Bio04.","Moisture.Index...coldest.quarter.mean..Bio35.","Moisture.Index...warmest.quarter.mean..Bio34.","Moisture.Index...lowest.quarter.mean..Bio33.","Moisture.Index...highest.quarter.mean..Bio32.","Moisture.Index...seasonality..Bio31.","Moisture.Index...lowest.period..Bio30.","Temperature...isothermality..Bio03.","Moisture.Index...highest.period..Bio29.","Moisture.Index...annual.mean..Bio28.","Radiation...coldest.quarter..Bio27.","Radiation...warmest.quarter...Bio26.","Radiation...driest.quarter..Bio25.","Radiation...wettest.quarter..Bio24.","Radiation...seasonality..Bio23.","Radiation...lowest.period..Bio22.","Radiation...highest.period..Bio21.","Radiation...annual.mean..Bio20.","Temperature...diurnal.range.mean..Bio02.","Precipitation...coldest.quarter..Bio19.","PSMA.State.Electoral.Boundaries..2016.","Precipitation...warmest.quarter..Bio18.","Precipitation...driest.quarter...Bio17.","Precipitation...wettest.quarter..Bio16.","Precipitation...seasonality..Bio15.","Precipitation...driest.period..Bio14.","Precipitation...wettest.period..Bio13.","Precipitation...annual..Bio12.","Temperature...coldest.quarter.mean..Bio11.","Bush.Heritage.Reserves","Temperature...warmest.quarter..Bio10.","Temperature...annual.mean..Bio01.","Bathymetry.and.Topography.9.sec","Aridity.index...month.min","Aridity.index...annual.mean","Aridity.index...month.max","Precipitation.deficit...month.min","MDBA.Water.Resource.Planning.Areas.Traditional.Owners...Surface.Water...Nation.names","MDBA.Water.Resource.Planning.Areas.Traditional.Owners...Ground.Water...Nation.names","PSMA.Commonwealth.Electoral.Boundaries..2016.","mdb_ground_water_sdl_resource_units","mdb_ground_water_water_resource_plan_areas","mdb_surface_water_water_resource_plan_areas","Physiographic.Provinces.2011","wetlands_mdb_name_only","wetlands_mdb_group_only","mdb_surface_water_sdl_resource_units","Local.Government.Areas","Murray.Darling.Basin.Water.Resource.Plan.Areas.Groundwater","Murray.Darling.Basin.Sustainable.Rivers.Audit..SRA..Zones","Murray.Darling.Basin.Sustainable.Rivers.Audit..SRA..Valleys","Wetlands.GIS.of.the.Murray.Darling.Basin.Series.2.0","NRM.Regions.2015","NRM.Regions.2014","New.Zealand.Ecological.Districts","New.Zealand.Land.Districts","New.Zealand.Provinces","Murray.Darling.Basin.Authority.Water.Quality.Zones","FAO.Fishing.areas..Marine.","Murray.Darling.Basin.Boundary","World.Anthropogenic.Biomes..2000.","Important.Bird.Areas..IBA..Australia","seagrass","Global.200.Fresh.Water","Global.200.Terrestrial","Global.200.Marine","Physiographic.Regions.2011","capad.2014.marine","capad.2014.terrestrial","Fire.regime.niches","capad.2012.marine","capad.2012","aus_agroclimate_grp","Geological.Regions.of.Australia","ASGS.Australian.States.and.Territories","GER.Kanangra.Boyd.to.Wyangala.Link","GER.Great.Eastern.Ranges.Initiative","GER.Central.Victorial.Biolinks","GER.Standard.Boundary.31.12.2013","GER.Border.Ranges","Phylloxera.Infection.Zone...North.East...Victoria","Indigenous.Protected.Areas..Aug.2013.","Indigenous.Land.Use.Agreements","Native.Title.Determinations","NSW.Local.Land.Services","Koppen.Climate.Classification..All.Classes.","Koppen.Climate.Classification","Collaborative.Australian.Protected.Areas.Database..CAPAD..2010","Collaborative.Australian.Protected.Areas.Database..CAPAD..2010.1","ACT.TAMS.Reserves","Australian.Tropical.Savanna","Drainage.Divisions.Level.2","Drainage.Divisions.Level.1","Statistical.Local.Areas","River.Regions","GER.Southern.Highlands","GER.Slopes.To.Summit","GER.National.Corridor","GER.Kosciuszko.to.Coast","GER.Kanangra.Boyd.to.Wyangala.Link.1","GER.Jaliigirr","GER.Illawarra.to.Shoalhaven","GER.Hunter.Valley","Terrestrial.Ecoregional.Boundaries","Freshwater.Ecoregions.of.the.World","IBRA.7.Subregions","IBRA.7.Regions","Collaborative.Australian.Protected.Areas.Database..CAPAD..marine.2010","Collaborative.Australian.Protected.Areas.Database..CAPAD..marine.2010.1","Tillage.practice...dominant..area.","Tillage.practice...dominant..number.","Fallow.practice...dominant..area.","Fallow.practice...dominant..number.","Irrigation.practice...dominant","Stubble.practice...dominant..area.","stubble.practice...dominant..number.","Australian.Coral.Ecoregions","Land.cover","Land.use","Marine.Ecoregions.of.the.World","Antarctic.Protected.Areas","Special.Quarantine.Zone...Torres.Strait","cl937","Phylloxera.Infection.Zone...Sydney..New.South.Wales","Phylloxera.Infection.Zone...Albury..New.South.Wales","Commonwealth.Electoral.Boundaries","Geomorphology.of.the.Australian.Margin.and.adjacent.seafloor","Atlas.of.Life.in.the.Coastal.Wilderness","Phylloxera.Infection.Zone...Upton...Victoria","Phylloxera.Infection.Zone...Whitebridge..Victoria","IMCRA.Meso.scale.Bioregions","Potato.Cyst.Nematode.Zones...Victoria","NRM.Regions","IBRA.6.Sub.Regions","Directory.of.Important.Wetlands","RAMSAR.wetland.regions","Surface.Geology.of.Australia","Estuary.habitat.mapping","Areas.for.Further.Assessment.within.the.East.Marine.Region","World.Country.Boundaries","Territorial.Sea","Vegetation...condition","Vegetation.types...present","cl664","Vegetation.types...native","IBRA.6.Regions","IMCRA.Regions","Australian.States.and.Territories","LGA.Boundaries..deprecated.","Continental.Shelf","States.including.coastal.waters","Contiguous.Zone","Exclusive.Economic.Zone","userQualityAssertion"
"7b1ec470-cadc-4ae6-b5c4-5a02b83eea12",,,,,,"dr1010",,,,,,,,,,,"HumanObservation",,,,,,,,,"Calling","4f4c927ceebda94d82000010","b6b79e9dec4bd4868e5b4ea2726ebe7384f3b169",,,1,,"First time calling this season (after winter/cold period)","present",,,,,,,,,,,,,,,,4,,,,,,,"urban area, near backyard pond",8,"2011-08-04",,,,,,,2011,,,30,"Australia",,,,,,,,"EPSG:4326",,,,,,,,,,,-33.761238,,,,,150.980644,,,,,,,,,"New South Wales",,,,,,,,,,,,,"2011-08-04",,,,,"Amphibia",,"Brown-striped Frog","Limnodynastidae","Limnodynastes",,,"Animalia",,,,,,,,"Anura",,,,,"Chordata","species",,,"Limnodynastes peronii",,,,,"urn:lsid:biodiversity.org.au:afd.taxon:475b04bd-e644-41ab-947a-02884d11aab4","Limnodynastes peronii",,,,,,,,,,,,,,,,,,,"true",,,,,,,,,,,,,,,,,,,,,,,,,,,,,,,,,,,,,,,,,,,,,,,,,,,,,,,,,,,,,,,,,,,,,,,,,,,,,,,,,,,,,,,,,,,,,,,,,,,,,,,,,,,,,,,,,,,,,,,,,,,,,,,,,,,,,,,,,,,,,,,,,,,,,,,,,,,,,,,,,,,,,,,,,,,,,,,,,,,,,,,,,,,,,,,,,,,,,,,,,,,,,,,,,,,,,,,,,,,,,,,,,,,,,,,,,,,,,,,,,,,,,,,,,,,,,,,,,,,,,,,,,,,,,,,,,,,,,,,,,,,,,,,,,,,,,,,,,,,,,,,,,,,,,,,,,,,,,,,,,,,,,,,,,,,,,,,,,,,,,,,,,,,,,,,,,,,,,,,,,,,,,,,,,,,,,,,,,,,,,,,,,,,,,,,,,,,,,,,,,,,,,,,,,,,,,,,,,,,,,,,,,,,,,,,,,,,,,,,,,,,,,,,,,,,,,,,,,,,,,,,,,,,,,,,,,,,,,,,,,,
"4565fa77-d167-4ccb-88fa-b54f5e72f653",,,,,,"dr1010",,,,,,,,,,,"HumanObservation",,,,,,,,,"Calling","4f4c927ceebda94d82000011","b6b79e9dec4bd4868e5b4ea2726ebe7384f3b169",,,1,,"","present",,,,,,,,,,,,,,,,6,,,,,,,"urban area, near backyard pond",8,"2011-08-06",,,,,,,2011,,,30,"Australia",,,,,,,,"EPSG:4326",,,,,,,,,,,-33.761238,,,,,150.980644,,,,,,,,,"New South Wales",,,,,,,,,,,,,"2011-08-06",,,,,"Amphibia",,"Brown-striped Frog","Limnodynastidae","Limnodynastes",,,"Animalia",,,,,,,,"Anura",,,,,"Chordata","species",,,"Limnodynastes peronii",,,,,"urn:lsid:biodiversity.org.au:afd.taxon:475b04bd-e644-41ab-947a-02884d11aab4","Limnodynastes peronii",,,,,,,,,,,,,,,,,,,"true",,,,,,,,,,,,,,,,,,,,,,,,,,,,,,,,,,,,,,,,,,,,,,,,,,,,,,,,,,,,,,,,,,,,,,,,,,,,,,,,,,,,,,,,,,,,,,,,,,,,,,,,,,,,,,,,,,,,,,,,,,,,,,,,,,,,,,,,,,,,,,,,,,,,,,,,,,,,,,,,,,,,,,,,,,,,,,,,,,,,,,,,,,,,,,,,,,,,,,,,,,,,,,,,,,,,,,,,,,,,,,,,,,,,,,,,,,,,,,,,,,,,,,,,,,,,,,,,,,,,,,,,,,,,,,,,,,,,,,,,,,,,,,,,,,,,,,,,,,,,,,,,,,,,,,,,,,,,,,,,,,,,,,,,,,,,,,,,,,,,,,,,,,,,,,,,,,,,,,,,,,,,,,,,,,,,,,,,,,,,,,,,,,,,,,,,,,,,,,,,,,,,,,,,,,,,,,,,,,,,,,,,,,,,,,,,,,,,,,,,,,,,,,,,,,,,,,,,,,,,,,,,,,,,,,,,,,,,,,,,,,
"03b7e21e-3d9b-4865-a5e3-a2f653bcd825",,,,,,"dr1010",,,,,,,,,,,"HumanObservation",,,,,,,,,"Calling","4f4c927ceebda94d82000012","b6b79e9dec4bd4868e5b4ea2726ebe7384f3b169",,,1,,"","present",,,,,,,,,,,,,,,,7,,,,,,,"urban area, near backyard pond",8,"2011-08-07",,,,,,,2011,,,30,"Australia",,,,,,,,"EPSG:4326",,,,,,,,,,,-33.761238,,,,,150.980644,,,,,,,,,"New South Wales",,,,,,,,,,,,,"2011-08-07",,,,,"Amphibia",,"Brown-striped Frog","Limnodynastidae","Limnodynastes",,,"Animalia",,,,,,,,"Anura",,,,,"Chordata","species",,,"Limnodynastes peronii",,,,,"urn:lsid:biodiversity.org.au:afd.taxon:475b04bd-e644-41ab-947a-02884d11aab4","Limnodynastes peronii",,,,,,,,,,,,,,,,,,,"true",,,,,,,,,,,,,,,,,,,,,,,,,,,,,,,,,,,,,,,,,,,,,,,,,,,,,,,,,,,,,,,,,,,,,,,,,,,,,,,,,,,,,,,,,,,,,,,,,,,,,,,,,,,,,,,,,,,,,,,,,,,,,,,,,,,,,,,,,,,,,,,,,,,,,,,,,,,,,,,,,,,,,,,,,,,,,,,,,,,,,,,,,,,,,,,,,,,,,,,,,,,,,,,,,,,,,,,,,,,,,,,,,,,,,,,,,,,,,,,,,,,,,,,,,,,,,,,,,,,,,,,,,,,,,,,,,,,,,,,,,,,,,,,,,,,,,,,,,,,,,,,,,,,,,,,,,,,,,,,,,,,,,,,,,,,,,,,,,,,,,,,,,,,,,,,,,,,,,,,,,,,,,,,,,,,,,,,,,,,,,,,,,,,,,,,,,,,,,,,,,,,,,,,,,,,,,,,,,,,,,,,,,,,,,,,,,,,,,,,,,,,,,,,,,,,,,,,,,,,,,,,,,,,,,,,,,,,,,,,,,,
"701692e3-eb75-4810-8fc5-009e13bd6ea0",,,,,,"dr1010",,,,,,,,,,,"HumanObservation",,,,,,,,,"Calling","4f4c927deebda94d82000032","b264b112e6d3c8298496c8d70e2d6f5e3f3e5ef7",,,5,,"At least 5","present",,,,,,,,,,,,,,,,21,,,,,,,"Peri-urban, herb-rich creekline",10,"2011-10-21",,,,,,,2011,,,30,"Australia",,,,,,,,"EPSG:4326",,,,,,,,,,,-37.763386,,,,,145.206813,,,,,,,,,"Victoria",,,,,,,,,,,,,"2011-10-21",,,,,"Amphibia",,"Brown Tree Frog","Hylidae","Litoria",,,"Animalia",,,,,,,,"Anura",,,,,"Chordata","species",,,"Litoria ewingii",,,,,"urn:lsid:biodiversity.org.au:afd.taxon:6bbc9cb6-b874-49de-abe6-db337aa401da","Litoria ewingii",,,,,,,,,,,,,,,,,,,"true",,,,,,,,,,,,,,,,,,,,,,,,,,,,,,,,,,,,,,,,,,,,,,,,,,,,,,,,,,,,,,,,,,,,,,,,,,,,,,,,,,,,,,,,,,,,,,,,,,,,,,,,,,,,,,,,,,,,,,,,,,,,,,,,,,,,,,,,,,,,,,,,,,,,,,,,,,,,,,,,,,,,,,,,,,,,,,,,,,,,,,,,,,,,,,,,,,,,,,,,,,,,,,,,,,,,,,,,,,,,,,,,,,,,,,,,,,,,,,,,,,,,,,,,,,,,,,,,,,,,,,,,,,,,,,,,,,,,,,,,,,,,,,,,,,,,,,,,,,,,,,,,,,,,,,,,,,,,,,,,,,,,,,,,,,,,,,,,,,,,,,,,,,,,,,,,,,,,,,,,,,,,,,,,,,,,,,,,,,,,,,,,,,,,,,,,,,,,,,,,,,,,,,,,,,,,,,,,,,,,,,,,,,,,,,,,,,,,,,,,,,,,,,,,,,,,,,,,,,,,,,,,,,,,,,,,,,,,,,,,,,
"7fe89f7a-dbc7-42ee-a420-6f7d5ad30d35",,,,,,"dr1010",,,,,,,,,,,"HumanObservation",,,,,,,,,"Presence of Eggs","4f4c927feebda94d82000087","c803a6e2b0111ea56ed88ba2a2332394c9f28f91",,,100,,"pond with many tadpoles - too many to count","present",,,,,,,,,,,,,,,,8,,,,,,,"",8,"2011-08-08",,,,,,,2011,,,30,"Australia",,,,,,,,"EPSG:4326",,,,,,,,,,,-31.99563,,,,,115.93531,,,,,,,,,"Western Australia",,,,,,,,,,,,,"2011-08-08",,,,,"Amphibia",,"Moore's Frog","Hylidae","Litoria",,,"Animalia",,,,,,,,"Anura",,,,,"Chordata","species",,,"Litoria moorei",,,,,"urn:lsid:biodiversity.org.au:afd.taxon:5b444966-4c12-4cd3-ad12-a4537746e902","Litoria moorei",,,,,,,,,,,,,,,,,,,"true",,,,,,,,,,,,,,,,,,,,,,,,,,,,,,,,,,,,,,,,,,,,,,,,,,,,,,,,,,,,,,,,,,,,,,,,,,,,,,,,,,,,,,,,,,,,,,,,,,,,,,,,,,,,,,,,,,,,,,,,,,,,,,,,,,,,,,,,,,,,,,,,,,,,,,,,,,,,,,,,,,,,,,,,,,,,,,,,,,,,,,,,,,,,,,,,,,,,,,,,,,,,,,,,,,,,,,,,,,,,,,,,,,,,,,,,,,,,,,,,,,,,,,,,,,,,,,,,,,,,,,,,,,,,,,,,,,,,,,,,,,,,,,,,,,,,,,,,,,,,,,,,,,,,,,,,,,,,,,,,,,,,,,,,,,,,,,,,,,,,,,,,,,,,,,,,,,,,,,,,,,,,,,,,,,,,,,,,,,,,,,,,,,,,,,,,,,,,,,,,,,,,,,,,,,,,,,,,,,,,,,,,,,,,,,,,,,,,,,,,,,,,,,,,,,,,,,,,,,,,,,,,,,,,,,,,,,,,,,,,,,
"45dd68a8-5519-4936-a27d-935286947363",,,,,,"dr1010",,,,,,,,,,,"HumanObservation",,,,,,,,,"Presence of Eggs","4f4c927feebda94d8200008c","c803a6e2b0111ea56ed88ba2a2332394c9f28f91",,,100,,"Tadpoles in a pond - impossible to count. Estimation only. No eggs actually visible.","present",,,,,,,,,,,,,,,,8,,,,,,,"",8,"2011-08-08",,,,,,,2011,,,30,"Australia",,,,,,,,"EPSG:4326",,,,,,,,,,,-31.980356,,,,,115.817744,,,,,,,,,"Western Australia",,,,,,,,,,,,,"2011-08-08",,,,,"Amphibia",,"Moore's Frog","Hylidae","Litoria",,,"Animalia",,,,,,,,"Anura",,,,,"Chordata","species",,,"Litoria moorei",,,,,"urn:lsid:biodiversity.org.au:afd.taxon:5b444966-4c12-4cd3-ad12-a4537746e902","Litoria moorei",,,,,,,,,,,,,,,,,,,"true",,,,,,,,,,,,,,,,,,,,,,,,,,,,,,,,,,,,,,,,,,,,,,,,,,,,,,,,,,,,,,,,,,,,,,,,,,,,,,,,,,,,,,,,,,,,,,,,,,,,,,,,,,,,,,,,,,,,,,,,,,,,,,,,,,,,,,,,,,,,,,,,,,,,,,,,,,,,,,,,,,,,,,,,,,,,,,,,,,,,,,,,,,,,,,,,,,,,,,,,,,,,,,,,,,,,,,,,,,,,,,,,,,,,,,,,,,,,,,,,,,,,,,,,,,,,,,,,,,,,,,,,,,,,,,,,,,,,,,,,,,,,,,,,,,,,,,,,,,,,,,,,,,,,,,,,,,,,,,,,,,,,,,,,,,,,,,,,,,,,,,,,,,,,,,,,,,,,,,,,,,,,,,,,,,,,,,,,,,,,,,,,,,,,,,,,,,,,,,,,,,,,,,,,,,,,,,,,,,,,,,,,,,,,,,,,,,,,,,,,,,,,,,,,,,,,,,,,,,,,,,,,,,,,,,,,,,,,,,,,,,
"5d8d09d5-277f-456d-9524-8cfe2c2ddb1a",,,,,,"dr1010",,,,,,,,,,,"HumanObservation",,,,,,,,,"Presence of Eggs","4f4c927feebda94d82000092","3280bbe6ef6dff110e3c5812e5b3a718f9330e45",,,10,,"","present",,,,,,,,,,,,,,,,8,,,,,,,"",8,"2011-08-08",,,,,,,2011,,,30,"Australia",,,,,,,,"EPSG:4326",,,,,,,,,,,-31.983899,,,,,115.819578,,,,,,,,,"Western Australia",,,,,,,,,,,,,"2011-08-08",,,,,"Amphibia",,"Moore's Frog","Hylidae","Litoria",,,"Animalia",,,,,,,,"Anura",,,,,"Chordata","species",,,"Litoria moorei",,,,,"urn:lsid:biodiversity.org.au:afd.taxon:5b444966-4c12-4cd3-ad12-a4537746e902","Litoria moorei",,,,,,,,,,,,,,,,,,,"true",,,,,,,,,,,,,,,,,,,,,,,,,,,,,,,,,,,,,,,,,,,,,,,,,,,,,,,,,,,,,,,,,,,,,,,,,,,,,,,,,,,,,,,,,,,,,,,,,,,,,,,,,,,,,,,,,,,,,,,,,,,,,,,,,,,,,,,,,,,,,,,,,,,,,,,,,,,,,,,,,,,,,,,,,,,,,,,,,,,,,,,,,,,,,,,,,,,,,,,,,,,,,,,,,,,,,,,,,,,,,,,,,,,,,,,,,,,,,,,,,,,,,,,,,,,,,,,,,,,,,,,,,,,,,,,,,,,,,,,,,,,,,,,,,,,,,,,,,,,,,,,,,,,,,,,,,,,,,,,,,,,,,,,,,,,,,,,,,,,,,,,,,,,,,,,,,,,,,,,,,,,,,,,,,,,,,,,,,,,,,,,,,,,,,,,,,,,,,,,,,,,,,,,,,,,,,,,,,,,,,,,,,,,,,,,,,,,,,,,,,,,,,,,,,,,,,,,,,,,,,,,,,,,,,,,,,,,,,,,,,,
"85bf8c68-a4f0-40b5-846a-8f8ce14418b0",,,,,,"dr1010",,,,,,,,,,,"HumanObservation",,,,,,,,,"Presence of Eggs","4f4c9280eebda94d820000a6","7436d43df5e4f1dc135d9e054f024b6c35977a5b",,,100,,"large number of tadpoles in pond","present",,,,,,,,,,,,,,,,9,,,,,,,"pond",8,"2011-08-09",,,,,,,2011,,,30,"Australia",,,,,,,,"EPSG:4326",,,,,,,,,,,-31.983788,,,,,115.819926,,,,,,,,,"Western Australia",,,,,,,,,,,,,"2011-08-09",,,,,"Amphibia",,"Moore's Frog","Hylidae","Litoria",,,"Animalia",,,,,,,,"Anura",,,,,"Chordata","species",,,"Litoria moorei",,,,,"urn:lsid:biodiversity.org.au:afd.taxon:5b444966-4c12-4cd3-ad12-a4537746e902","Litoria moorei",,,,,,,,,,,,,,,,,,,"true",,,,,,,,,,,,,,,,,,,,,,,,,,,,,,,,,,,,,,,,,,,,,,,,,,,,,,,,,,,,,,,,,,,,,,,,,,,,,,,,,,,,,,,,,,,,,,,,,,,,,,,,,,,,,,,,,,,,,,,,,,,,,,,,,,,,,,,,,,,,,,,,,,,,,,,,,,,,,,,,,,,,,,,,,,,,,,,,,,,,,,,,,,,,,,,,,,,,,,,,,,,,,,,,,,,,,,,,,,,,,,,,,,,,,,,,,,,,,,,,,,,,,,,,,,,,,,,,,,,,,,,,,,,,,,,,,,,,,,,,,,,,,,,,,,,,,,,,,,,,,,,,,,,,,,,,,,,,,,,,,,,,,,,,,,,,,,,,,,,,,,,,,,,,,,,,,,,,,,,,,,,,,,,,,,,,,,,,,,,,,,,,,,,,,,,,,,,,,,,,,,,,,,,,,,,,,,,,,,,,,,,,,,,,,,,,,,,,,,,,,,,,,,,,,,,,,,,,,,,,,,,,,,,,,,,,,,,,,,,,,,
"53ae5789-b9e6-41c6-ab6c-2892e91bb362",,,,,,"dr1010",,,,,,,,,,,"HumanObservation",,,,,,,,,"Presence of Eggs","4f4c9280eebda94d820000aa","c741402441dfaedf5b105836245eec432a819e5a",,,3,,"Tadpoles","present",,,,,,,,,,,,,,,,9,,,,,,,"",8,"2011-08-09",,,,,,,2011,,,30,"Australia",,,,,,,,"EPSG:4326",,,,,,,,,,,-31.983919,,,,,115.819375,,,,,,,,,"Western Australia",,,,,,,,,,,,,"2011-08-09",,,,,"Amphibia",,"Moore's Frog","Hylidae","Litoria",,,"Animalia",,,,,,,,"Anura",,,,,"Chordata","species",,,"Litoria moorei",,,,,"urn:lsid:biodiversity.org.au:afd.taxon:5b444966-4c12-4cd3-ad12-a4537746e902","Litoria moorei",,,,,,,,,,,,,,,,,,,"true",,,,,,,,,,,,,,,,,,,,,,,,,,,,,,,,,,,,,,,,,,,,,,,,,,,,,,,,,,,,,,,,,,,,,,,,,,,,,,,,,,,,,,,,,,,,,,,,,,,,,,,,,,,,,,,,,,,,,,,,,,,,,,,,,,,,,,,,,,,,,,,,,,,,,,,,,,,,,,,,,,,,,,,,,,,,,,,,,,,,,,,,,,,,,,,,,,,,,,,,,,,,,,,,,,,,,,,,,,,,,,,,,,,,,,,,,,,,,,,,,,,,,,,,,,,,,,,,,,,,,,,,,,,,,,,,,,,,,,,,,,,,,,,,,,,,,,,,,,,,,,,,,,,,,,,,,,,,,,,,,,,,,,,,,,,,,,,,,,,,,,,,,,,,,,,,,,,,,,,,,,,,,,,,,,,,,,,,,,,,,,,,,,,,,,,,,,,,,,,,,,,,,,,,,,,,,,,,,,,,,,,,,,,,,,,,,,,,,,,,,,,,,,,,,,,,,,,,,,,,,,,,,,,,,,,,,,,,,,,,,,
"fc8a4999-f345-47cb-be9f-8aebcfc31f62",,,,,,"dr1010",,,,,,,,,,,"HumanObservation",,,,,,,,,"Calling","4f4c9280eebda94d820000af","38ca266d074fce6c0bda3e7e7a0c5c91e46e5d7a",,,100,,"A number of tadpoles were present","present",,,,,,,,,,,,,,,,9,,,,,,,"",8,"2011-08-09",,,,,,,2011,,,30,"Australia",,,,,,,,"EPSG:4326",,,,,,,,,,,-31.98392,,,,,115.819572,,,,,,,,,"Western Australia",,,,,,,,,,,,,"2011-08-09",,,,,"Amphibia",,"Moore's Frog","Hylidae","Litoria",,,"Animalia",,,,,,,,"Anura",,,,,"Chordata","species",,,"Litoria moorei",,,,,"urn:lsid:biodiversity.org.au:afd.taxon:5b444966-4c12-4cd3-ad12-a4537746e902","Litoria moorei",,,,,,,,,,,,,,,,,,,"true",,,,,,,,,,,,,,,,,,,,,,,,,,,,,,,,,,,,,,,,,,,,,,,,,,,,,,,,,,,,,,,,,,,,,,,,,,,,,,,,,,,,,,,,,,,,,,,,,,,,,,,,,,,,,,,,,,,,,,,,,,,,,,,,,,,,,,,,,,,,,,,,,,,,,,,,,,,,,,,,,,,,,,,,,,,,,,,,,,,,,,,,,,,,,,,,,,,,,,,,,,,,,,,,,,,,,,,,,,,,,,,,,,,,,,,,,,,,,,,,,,,,,,,,,,,,,,,,,,,,,,,,,,,,,,,,,,,,,,,,,,,,,,,,,,,,,,,,,,,,,,,,,,,,,,,,,,,,,,,,,,,,,,,,,,,,,,,,,,,,,,,,,,,,,,,,,,,,,,,,,,,,,,,,,,,,,,,,,,,,,,,,,,,,,,,,,,,,,,,,,,,,,,,,,,,,,,,,,,,,,,,,,,,,,,,,,,,,,,,,,,,,,,,,,,,,,,,,,,,,,,,,,,,,,,,,,,,,,,,,,,
"c08596a8-7513-4f80-9335-8a251db3f751",,,,,,"dr1010",,,,,,,,,,,"HumanObservation",,,,,,,,,"Calling","4f4c9281eebda94d820000e3","2c231f2a7c0397da63a21d04c23a658a1750677b",,,1,,"","present",,,,,,,,,,,,,,,,9,,,,,,,"Pond",8,"2011-08-09",,,,,,,2011,,,30,"Australia",,,,,,,,"EPSG:4326",,,,,,,,,,,-31.982618,,,,,115.819267,,,,,,,,,"Western Australia",,,,,,,,,,,,,"2011-08-09",,,,,"Amphibia",,"Moore's Frog","Hylidae","Litoria",,,"Animalia",,,,,,,,"Anura",,,,,"Chordata","species",,,"Litoria moorei",,,,,"urn:lsid:biodiversity.org.au:afd.taxon:5b444966-4c12-4cd3-ad12-a4537746e902","Litoria moorei",,,,,,,,,,,,,,,,,,,"true",,,,,,,,,,,,,,,,,,,,,,,,,,,,,,,,,,,,,,,,,,,,,,,,,,,,,,,,,,,,,,,,,,,,,,,,,,,,,,,,,,,,,,,,,,,,,,,,,,,,,,,,,,,,,,,,,,,,,,,,,,,,,,,,,,,,,,,,,,,,,,,,,,,,,,,,,,,,,,,,,,,,,,,,,,,,,,,,,,,,,,,,,,,,,,,,,,,,,,,,,,,,,,,,,,,,,,,,,,,,,,,,,,,,,,,,,,,,,,,,,,,,,,,,,,,,,,,,,,,,,,,,,,,,,,,,,,,,,,,,,,,,,,,,,,,,,,,,,,,,,,,,,,,,,,,,,,,,,,,,,,,,,,,,,,,,,,,,,,,,,,,,,,,,,,,,,,,,,,,,,,,,,,,,,,,,,,,,,,,,,,,,,,,,,,,,,,,,,,,,,,,,,,,,,,,,,,,,,,,,,,,,,,,,,,,,,,,,,,,,,,,,,,,,,,,,,,,,,,,,,,,,,,,,,,,,,,,,,,,,,,
"88c03859-6af9-4e4b-8008-b0d71aebf6df",,,,,,"dr1010",,,,,,,,,,,"HumanObservation",,,,,,,,,"Calling","4f4c9282eebda94d820000f8","ea2c42f5accebd5b214ff9da64b99c5442196831",,,10,,"Tadpoles in pond. Behaviour was not calling.","present",,,,,,,,,,,,,,,,8,,,,,,,"",8,"2011-08-08",,,,,,,2011,,,30,"Australia",,,,,,,,"EPSG:4326",,,,,,,,,,,-31.983901,,,,,115.819589,,,,,,,,,"Western Australia",,,,,,,,,,,,,"2011-08-08",,,,,"Amphibia",,"Moore's Frog","Hylidae","Litoria",,,"Animalia",,,,,,,,"Anura",,,,,"Chordata","species",,,"Litoria moorei",,,,,"urn:lsid:biodiversity.org.au:afd.taxon:5b444966-4c12-4cd3-ad12-a4537746e902","Litoria moorei",,,,,,,,,,,,,,,,,,,"true",,,,,,,,,,,,,,,,,,,,,,,,,,,,,,,,,,,,,,,,,,,,,,,,,,,,,,,,,,,,,,,,,,,,,,,,,,,,,,,,,,,,,,,,,,,,,,,,,,,,,,,,,,,,,,,,,,,,,,,,,,,,,,,,,,,,,,,,,,,,,,,,,,,,,,,,,,,,,,,,,,,,,,,,,,,,,,,,,,,,,,,,,,,,,,,,,,,,,,,,,,,,,,,,,,,,,,,,,,,,,,,,,,,,,,,,,,,,,,,,,,,,,,,,,,,,,,,,,,,,,,,,,,,,,,,,,,,,,,,,,,,,,,,,,,,,,,,,,,,,,,,,,,,,,,,,,,,,,,,,,,,,,,,,,,,,,,,,,,,,,,,,,,,,,,,,,,,,,,,,,,,,,,,,,,,,,,,,,,,,,,,,,,,,,,,,,,,,,,,,,,,,,,,,,,,,,,,,,,,,,,,,,,,,,,,,,,,,,,,,,,,,,,,,,,,,,,,,,,,,,,,,,,,,,,,,,,,,,,,,,,
"c2dcf4d5-5bb9-4d29-971b-a0e562de9048",,,,,,"dr1010",,,,,,,,,,,"HumanObservation",,,,,,,,,"Presence of Eggs","4f4c9283eebda94d82000116","d7cd9e67ebd7a03d2774b9ca00bf0633d1252cf1",,,5,,"tadpoles present","present",,,,,,,,,,,,,,,,9,,,,,,,"",8,"2011-08-09",,,,,,,2011,,,30,"Australia",,,,,,,,"EPSG:4326",,,,,,,,,,,-31.98392,,,,,115.819572,,,,,,,,,"Western Australia",,,,,,,,,,,,,"2011-08-09",,,,,"Amphibia",,"Moore's Frog","Hylidae","Litoria",,,"Animalia",,,,,,,,"Anura",,,,,"Chordata","species",,,"Litoria moorei",,,,,"urn:lsid:biodiversity.org.au:afd.taxon:5b444966-4c12-4cd3-ad12-a4537746e902","Litoria moorei",,,,,,,,,,,,,,,,,,,"true",,,,,,,,,,,,,,,,,,,,,,,,,,,,,,,,,,,,,,,,,,,,,,,,,,,,,,,,,,,,,,,,,,,,,,,,,,,,,,,,,,,,,,,,,,,,,,,,,,,,,,,,,,,,,,,,,,,,,,,,,,,,,,,,,,,,,,,,,,,,,,,,,,,,,,,,,,,,,,,,,,,,,,,,,,,,,,,,,,,,,,,,,,,,,,,,,,,,,,,,,,,,,,,,,,,,,,,,,,,,,,,,,,,,,,,,,,,,,,,,,,,,,,,,,,,,,,,,,,,,,,,,,,,,,,,,,,,,,,,,,,,,,,,,,,,,,,,,,,,,,,,,,,,,,,,,,,,,,,,,,,,,,,,,,,,,,,,,,,,,,,,,,,,,,,,,,,,,,,,,,,,,,,,,,,,,,,,,,,,,,,,,,,,,,,,,,,,,,,,,,,,,,,,,,,,,,,,,,,,,,,,,,,,,,,,,,,,,,,,,,,,,,,,,,,,,,,,,,,,,,,,,,,,,,,,,,,,,,,,,,,
"b40f1551-c86b-483c-9af0-ecbcc030f14e",,,,,,"dr1010",,,,,,,,,,,"HumanObservation",,,,,,,,,"Presence of Eggs","4f4c9283eebda94d82000119","5950b963318c135569147287831bf5156d46d312",,,15,,"Tadpoles visible in pond; exact number difficult to determine","present",,,,,,,,,,,,,,,,9,,,,,,,"",8,"2011-08-09",,,,,,,2011,,,30,"Australia",,,,,,,,"EPSG:4326",,,,,,,,,,,-31.98392,,,,,115.819572,,,,,,,,,"Western Australia",,,,,,,,,,,,,"2011-08-09",,,,,"Amphibia",,"Moore's Frog","Hylidae","Litoria",,,"Animalia",,,,,,,,"Anura",,,,,"Chordata","species",,,"Litoria moorei",,,,,"urn:lsid:biodiversity.org.au:afd.taxon:5b444966-4c12-4cd3-ad12-a4537746e902","Litoria moorei",,,,,,,,,,,,,,,,,,,"true",,,,,,,,,,,,,,,,,,,,,,,,,,,,,,,,,,,,,,,,,,,,,,,,,,,,,,,,,,,,,,,,,,,,,,,,,,,,,,,,,,,,,,,,,,,,,,,,,,,,,,,,,,,,,,,,,,,,,,,,,,,,,,,,,,,,,,,,,,,,,,,,,,,,,,,,,,,,,,,,,,,,,,,,,,,,,,,,,,,,,,,,,,,,,,,,,,,,,,,,,,,,,,,,,,,,,,,,,,,,,,,,,,,,,,,,,,,,,,,,,,,,,,,,,,,,,,,,,,,,,,,,,,,,,,,,,,,,,,,,,,,,,,,,,,,,,,,,,,,,,,,,,,,,,,,,,,,,,,,,,,,,,,,,,,,,,,,,,,,,,,,,,,,,,,,,,,,,,,,,,,,,,,,,,,,,,,,,,,,,,,,,,,,,,,,,,,,,,,,,,,,,,,,,,,,,,,,,,,,,,,,,,,,,,,,,,,,,,,,,,,,,,,,,,,,,,,,,,,,,,,,,,,,,,,,,,,,,,,,,,,
"cc417099-ac7c-49f0-9ee1-f476237c18ab",,,,,,"dr1010",,,,,,,,,,,"HumanObservation",,,,,,,,,"Calling","4f4c9283eebda94d82000136","4140053ca02dd0e41a205631592a62cdb3b0ea0b",,,1,,"DID NOT SEE FROG BUT HEARD ITS CALL","present",,,,,,,,,,,,,,,,9,,,,,,,"",8,"2011-08-09",,,,,,,2011,,,30,"Australia",,,,,,,,"EPSG:4326",,,,,,,,,,,-31.98392,,,,,115.819572,,,,,,,,,"Western Australia",,,,,,,,,,,,,"2011-08-09",,,,,"Amphibia",,"Moore's Frog","Hylidae","Litoria",,,"Animalia",,,,,,,,"Anura",,,,,"Chordata","species",,,"Litoria moorei",,,,,"urn:lsid:biodiversity.org.au:afd.taxon:5b444966-4c12-4cd3-ad12-a4537746e902","Litoria moorei",,,,,,,,,,,,,,,,,,,"true",,,,,,,,,,,,,,,,,,,,,,,,,,,,,,,,,,,,,,,,,,,,,,,,,,,,,,,,,,,,,,,,,,,,,,,,,,,,,,,,,,,,,,,,,,,,,,,,,,,,,,,,,,,,,,,,,,,,,,,,,,,,,,,,,,,,,,,,,,,,,,,,,,,,,,,,,,,,,,,,,,,,,,,,,,,,,,,,,,,,,,,,,,,,,,,,,,,,,,,,,,,,,,,,,,,,,,,,,,,,,,,,,,,,,,,,,,,,,,,,,,,,,,,,,,,,,,,,,,,,,,,,,,,,,,,,,,,,,,,,,,,,,,,,,,,,,,,,,,,,,,,,,,,,,,,,,,,,,,,,,,,,,,,,,,,,,,,,,,,,,,,,,,,,,,,,,,,,,,,,,,,,,,,,,,,,,,,,,,,,,,,,,,,,,,,,,,,,,,,,,,,,,,,,,,,,,,,,,,,,,,,,,,,,,,,,,,,,,,,,,,,,,,,,,,,,,,,,,,,,,,,,,,,,,,,,,,,,,,,,,,
"2f1e65d4-f7be-4aee-a0b7-6af2452933d9",,,,,,"dr1010",,,,,,,,,,,"HumanObservation",,,,,,,,,"Calling","4f4c9284eebda94d8200014e","16e70adab7ac187ada23294eef4343e117c88e24",,,20,,"","present",,,,,,,,,,,,,,,,9,,,,,,,"pond",8,"2011-08-09",,,,,,,2011,,,30,"Australia",,,,,,,,"EPSG:4326",,,,,,,,,,,-31.981332,,,,,115.818238,,,,,,,,,"Western Australia",,,,,,,,,,,,,"2011-08-09",,,,,"Amphibia",,"Moore's Frog","Hylidae","Litoria",,,"Animalia",,,,,,,,"Anura",,,,,"Chordata","species",,,"Litoria moorei",,,,,"urn:lsid:biodiversity.org.au:afd.taxon:5b444966-4c12-4cd3-ad12-a4537746e902","Litoria moorei",,,,,,,,,,,,,,,,,,,"true",,,,,,,,,,,,,,,,,,,,,,,,,,,,,,,,,,,,,,,,,,,,,,,,,,,,,,,,,,,,,,,,,,,,,,,,,,,,,,,,,,,,,,,,,,,,,,,,,,,,,,,,,,,,,,,,,,,,,,,,,,,,,,,,,,,,,,,,,,,,,,,,,,,,,,,,,,,,,,,,,,,,,,,,,,,,,,,,,,,,,,,,,,,,,,,,,,,,,,,,,,,,,,,,,,,,,,,,,,,,,,,,,,,,,,,,,,,,,,,,,,,,,,,,,,,,,,,,,,,,,,,,,,,,,,,,,,,,,,,,,,,,,,,,,,,,,,,,,,,,,,,,,,,,,,,,,,,,,,,,,,,,,,,,,,,,,,,,,,,,,,,,,,,,,,,,,,,,,,,,,,,,,,,,,,,,,,,,,,,,,,,,,,,,,,,,,,,,,,,,,,,,,,,,,,,,,,,,,,,,,,,,,,,,,,,,,,,,,,,,,,,,,,,,,,,,,,,,,,,,,,,,,,,,,,,,,,,,,,,,,,
"5594a9a2-6388-442d-a049-1c3485a08607",,,,,,"dr1010",,,,,,,,,,,"HumanObservation",,,,,,,,,"Calling","4f4c9284eebda94d82000164","13657a8215acf0cc6029dd21bb73c82a3560e851",,,1,,"","present",,,,,,,,,,,,,,,,10,,,,,,,"lake",8,"2011-08-10",,,,,,,2011,,,30,"Australia",,,,,,,,"EPSG:4326",,,,,,,,,,,-35.012495,,,,,117.916476,,,,,,,,,"Western Australia",,,,,,,,,,,,,"2011-08-10",,,,,"Amphibia",,"Tschudi's Froglet","Myobatrachidae","Crinia",,,"Animalia",,,,,,,,"Anura",,,,,"Chordata","species",,,"Crinia georgiana",,,,,"urn:lsid:biodiversity.org.au:afd.taxon:5bbe186a-7229-4252-a33e-b0bda70f5fe5","Crinia georgiana",,,,,,,,,,,,,,,,,,,"true",,,,,,,,,,,,,,,,,,,,,,,,,,,,,,,,,,,,,,,,,,,,,,,,,,,,,,,,,,,,,,,,,,,,,,,,,,,,,,,,,,,,,,,,,,,,,,,,,,,,,,,,,,,,,,,,,,,,,,,,,,,,,,,,,,,,,,,,,,,,,,,,,,,,,,,,,,,,,,,,,,,,,,,,,,,,,,,,,,,,,,,,,,,,,,,,,,,,,,,,,,,,,,,,,,,,,,,,,,,,,,,,,,,,,,,,,,,,,,,,,,,,,,,,,,,,,,,,,,,,,,,,,,,,,,,,,,,,,,,,,,,,,,,,,,,,,,,,,,,,,,,,,,,,,,,,,,,,,,,,,,,,,,,,,,,,,,,,,,,,,,,,,,,,,,,,,,,,,,,,,,,,,,,,,,,,,,,,,,,,,,,,,,,,,,,,,,,,,,,,,,,,,,,,,,,,,,,,,,,,,,,,,,,,,,,,,,,,,,,,,,,,,,,,,,,,,,,,,,,,,,,,,,,,,,,,,,,,,,,,,,
"974700c6-78f7-4967-89f6-cb0d8a76c8bf",,,,,,"dr1010",,,,,,,,,,,"HumanObservation",,,,,,,,,"Presence of Eggs","4f4c9285eebda94d8200017a","44f506b2497ccb3d212f2340364dc2b09044eb66",,,50,,"No frogs sighted, butTadpoles found in pond","present",,,,,,,,,,,,,,,,9,,,,,,,"Inside the pond",8,"2011-08-09",,,,,,,2011,,,30,"Australia",,,,,,,,"EPSG:4326",,,,,,,,,,,-31.98392,,,,,115.819572,,,,,,,,,"Western Australia",,,,,,,,,,,,,"2011-08-09",,,,,"Amphibia",,"Moore's Frog","Hylidae","Litoria",,,"Animalia",,,,,,,,"Anura",,,,,"Chordata","species",,,"Litoria moorei",,,,,"urn:lsid:biodiversity.org.au:afd.taxon:5b444966-4c12-4cd3-ad12-a4537746e902","Litoria moorei",,,,,,,,,,,,,,,,,,,"true",,,,,,,,,,,,,,,,,,,,,,,,,,,,,,,,,,,,,,,,,,,,,,,,,,,,,,,,,,,,,,,,,,,,,,,,,,,,,,,,,,,,,,,,,,,,,,,,,,,,,,,,,,,,,,,,,,,,,,,,,,,,,,,,,,,,,,,,,,,,,,,,,,,,,,,,,,,,,,,,,,,,,,,,,,,,,,,,,,,,,,,,,,,,,,,,,,,,,,,,,,,,,,,,,,,,,,,,,,,,,,,,,,,,,,,,,,,,,,,,,,,,,,,,,,,,,,,,,,,,,,,,,,,,,,,,,,,,,,,,,,,,,,,,,,,,,,,,,,,,,,,,,,,,,,,,,,,,,,,,,,,,,,,,,,,,,,,,,,,,,,,,,,,,,,,,,,,,,,,,,,,,,,,,,,,,,,,,,,,,,,,,,,,,,,,,,,,,,,,,,,,,,,,,,,,,,,,,,,,,,,,,,,,,,,,,,,,,,,,,,,,,,,,,,,,,,,,,,,,,,,,,,,,,,,,,,,,,,,,,,,
"856dbbaf-0a98-4ffb-853e-410c69c67e86",,,,,,"dr1010",,,,,,,,,,,"HumanObservation",,,,,,,,,"Calling","4f4c9285eebda94d82000183","7f0b28a75e8495ce354a353df1566782dec2d21a",,,3,,"calls only","present",,,,,,,,,,,,,,,,9,,,,,,,"coastal lake",8,"2011-08-09",,,,,,,2011,,,30,"Australia",,,,,,,,"EPSG:4326",,,,,,,,,,,-35.01097,,,,,117.916368,,,,,,,,,"Western Australia",,,,,,,,,,,,,"2011-08-09",,,,,"Amphibia",,"Tschudi's Froglet","Myobatrachidae","Crinia",,,"Animalia",,,,,,,,"Anura",,,,,"Chordata","species",,,"Crinia georgiana",,,,,"urn:lsid:biodiversity.org.au:afd.taxon:5bbe186a-7229-4252-a33e-b0bda70f5fe5","Crinia georgiana",,,,,,,,,,,,,,,,,,,"true",,,,,,,,,,,,,,,,,,,,,,,,,,,,,,,,,,,,,,,,,,,,,,,,,,,,,,,,,,,,,,,,,,,,,,,,,,,,,,,,,,,,,,,,,,,,,,,,,,,,,,,,,,,,,,,,,,,,,,,,,,,,,,,,,,,,,,,,,,,,,,,,,,,,,,,,,,,,,,,,,,,,,,,,,,,,,,,,,,,,,,,,,,,,,,,,,,,,,,,,,,,,,,,,,,,,,,,,,,,,,,,,,,,,,,,,,,,,,,,,,,,,,,,,,,,,,,,,,,,,,,,,,,,,,,,,,,,,,,,,,,,,,,,,,,,,,,,,,,,,,,,,,,,,,,,,,,,,,,,,,,,,,,,,,,,,,,,,,,,,,,,,,,,,,,,,,,,,,,,,,,,,,,,,,,,,,,,,,,,,,,,,,,,,,,,,,,,,,,,,,,,,,,,,,,,,,,,,,,,,,,,,,,,,,,,,,,,,,,,,,,,,,,,,,,,,,,,,,,,,,,,,,,,,,,,,,,,,,,,,,,
"9b1ed618-e771-49ec-b5ee-aea06ef58684",,,,,,"dr1010",,,,,,,,,,,"HumanObservation",,,,,,,,,"Calling","4f4c9285eebda94d82000184","fbd51b9b4315aab376b82980db60546c5aef379b",,,2,,"","present",,,,,,,,,,,,,,,,10,,,,,,,"",8,"2011-08-10",,,,,,,2011,,,30,"Australia",,,,,,,,"EPSG:4326",,,,,,,,,,,-35.012822,,,,,117.916154,,,,,,,,,"Western Australia",,,,,,,,,,,,,"2011-08-10",,,,,"Amphibia",,"Tschudi's Froglet","Myobatrachidae","Crinia",,,"Animalia",,,,,,,,"Anura",,,,,"Chordata","species",,,"Crinia georgiana",,,,,"urn:lsid:biodiversity.org.au:afd.taxon:5bbe186a-7229-4252-a33e-b0bda70f5fe5","Crinia georgiana",,,,,,,,,,,,,,,,,,,"true",,,,,,,,,,,,,,,,,,,,,,,,,,,,,,,,,,,,,,,,,,,,,,,,,,,,,,,,,,,,,,,,,,,,,,,,,,,,,,,,,,,,,,,,,,,,,,,,,,,,,,,,,,,,,,,,,,,,,,,,,,,,,,,,,,,,,,,,,,,,,,,,,,,,,,,,,,,,,,,,,,,,,,,,,,,,,,,,,,,,,,,,,,,,,,,,,,,,,,,,,,,,,,,,,,,,,,,,,,,,,,,,,,,,,,,,,,,,,,,,,,,,,,,,,,,,,,,,,,,,,,,,,,,,,,,,,,,,,,,,,,,,,,,,,,,,,,,,,,,,,,,,,,,,,,,,,,,,,,,,,,,,,,,,,,,,,,,,,,,,,,,,,,,,,,,,,,,,,,,,,,,,,,,,,,,,,,,,,,,,,,,,,,,,,,,,,,,,,,,,,,,,,,,,,,,,,,,,,,,,,,,,,,,,,,,,,,,,,,,,,,,,,,,,,,,,,,,,,,,,,,,,,,,,,,,,,,,,,,,,,,
"166a3d77-eaa5-4d4c-a112-d53858f6f8af",,,,,,"dr1010",,,,,,,,,,,"HumanObservation",,,,,,,,,"Presence of Eggs","4f4c9285eebda94d82000191","0fa1082c0b9d5d836a85b3a95a23bff078029d99",,,50,,"theres no option to select but i actually observed tadpoles not eggs or frogs","present",,,,,,,,,,,,,,,,9,,,,,,,"",8,"2011-08-09",,,,,,,2011,,,30,"Australia",,,,,,,,"EPSG:4326",,,,,,,,,,,-31.98392,,,,,115.819572,,,,,,,,,"Western Australia",,,,,,,,,,,,,"2011-08-09",,,,,"Amphibia",,"Moore's Frog","Hylidae","Litoria",,,"Animalia",,,,,,,,"Anura",,,,,"Chordata","species",,,"Litoria moorei",,,,,"urn:lsid:biodiversity.org.au:afd.taxon:5b444966-4c12-4cd3-ad12-a4537746e902","Litoria moorei",,,,,,,,,,,,,,,,,,,"true",,,,,,,,,,,,,,,,,,,,,,,,,,,,,,,,,,,,,,,,,,,,,,,,,,,,,,,,,,,,,,,,,,,,,,,,,,,,,,,,,,,,,,,,,,,,,,,,,,,,,,,,,,,,,,,,,,,,,,,,,,,,,,,,,,,,,,,,,,,,,,,,,,,,,,,,,,,,,,,,,,,,,,,,,,,,,,,,,,,,,,,,,,,,,,,,,,,,,,,,,,,,,,,,,,,,,,,,,,,,,,,,,,,,,,,,,,,,,,,,,,,,,,,,,,,,,,,,,,,,,,,,,,,,,,,,,,,,,,,,,,,,,,,,,,,,,,,,,,,,,,,,,,,,,,,,,,,,,,,,,,,,,,,,,,,,,,,,,,,,,,,,,,,,,,,,,,,,,,,,,,,,,,,,,,,,,,,,,,,,,,,,,,,,,,,,,,,,,,,,,,,,,,,,,,,,,,,,,,,,,,,,,,,,,,,,,,,,,,,,,,,,,,,,,,,,,,,,,,,,,,,,,,,,,,,,,,,,,,,,,,
"835c99b5-63ac-47ee-b297-7a90dc90e10b",,,,,,"dr1010",,,,,,,,,,,"HumanObservation",,,,,,,,,"Presence of Eggs","4f4c9286eebda94d820001ab","a0746847bad94341c198e19995436be1746032fb",,,1000,,"","present",,,,,,,,,,,,,,,,8,,,,,,,"pond",8,"2011-08-08",,,,,,,2011,,,30,"Australia",,,,,,,,"EPSG:4326",,,,,,,,,,,-31.968926,,,,,115.818594,,,,,,,,,"Western Australia",,,,,,,,,,,,,"2011-08-08",,,,,"Amphibia",,"Moore's Frog","Hylidae","Litoria",,,"Animalia",,,,,,,,"Anura",,,,,"Chordata","species",,,"Litoria moorei",,,,,"urn:lsid:biodiversity.org.au:afd.taxon:5b444966-4c12-4cd3-ad12-a4537746e902","Litoria moorei",,,,,,,,,,,,,,,,,,,"true",,,,,,,,,,,,,,,,,,,,,,,,,,,,,,,,,,,,,,,,,,,,,,,,,,,,,,,,,,,,,,,,,,,,,,,,,,,,,,,,,,,,,,,,,,,,,,,,,,,,,,,,,,,,,,,,,,,,,,,,,,,,,,,,,,,,,,,,,,,,,,,,,,,,,,,,,,,,,,,,,,,,,,,,,,,,,,,,,,,,,,,,,,,,,,,,,,,,,,,,,,,,,,,,,,,,,,,,,,,,,,,,,,,,,,,,,,,,,,,,,,,,,,,,,,,,,,,,,,,,,,,,,,,,,,,,,,,,,,,,,,,,,,,,,,,,,,,,,,,,,,,,,,,,,,,,,,,,,,,,,,,,,,,,,,,,,,,,,,,,,,,,,,,,,,,,,,,,,,,,,,,,,,,,,,,,,,,,,,,,,,,,,,,,,,,,,,,,,,,,,,,,,,,,,,,,,,,,,,,,,,,,,,,,,,,,,,,,,,,,,,,,,,,,,,,,,,,,,,,,,,,,,,,,,,,,,,,,,,,,,,
"c60edab8-c351-43af-91b6-cf28f5798b5b",,,,,,"dr1010",,,,,,,,,,,"HumanObservation",,,,,,,,,"Calling","4f4c9286eebda94d820001af","0caa59308f45d8970d45c6f942a29bc22fc8dcd1",,,1,,"","present",,,,,,,,,,,,,,,,10,,,,,,,"Lake",8,"2011-08-10",,,,,,,2011,,,30,"Australia",,,,,,,,"EPSG:4326",,,,,,,,,,,-35.012877,,,,,117.916347,,,,,,,,,"Western Australia",,,,,,,,,,,,,"2011-08-10",,,,,"Amphibia",,"Tschudi's Froglet","Myobatrachidae","Crinia",,,"Animalia",,,,,,,,"Anura",,,,,"Chordata","species",,,"Crinia georgiana",,,,,"urn:lsid:biodiversity.org.au:afd.taxon:5bbe186a-7229-4252-a33e-b0bda70f5fe5","Crinia georgiana",,,,,,,,,,,,,,,,,,,"true",,,,,,,,,,,,,,,,,,,,,,,,,,,,,,,,,,,,,,,,,,,,,,,,,,,,,,,,,,,,,,,,,,,,,,,,,,,,,,,,,,,,,,,,,,,,,,,,,,,,,,,,,,,,,,,,,,,,,,,,,,,,,,,,,,,,,,,,,,,,,,,,,,,,,,,,,,,,,,,,,,,,,,,,,,,,,,,,,,,,,,,,,,,,,,,,,,,,,,,,,,,,,,,,,,,,,,,,,,,,,,,,,,,,,,,,,,,,,,,,,,,,,,,,,,,,,,,,,,,,,,,,,,,,,,,,,,,,,,,,,,,,,,,,,,,,,,,,,,,,,,,,,,,,,,,,,,,,,,,,,,,,,,,,,,,,,,,,,,,,,,,,,,,,,,,,,,,,,,,,,,,,,,,,,,,,,,,,,,,,,,,,,,,,,,,,,,,,,,,,,,,,,,,,,,,,,,,,,,,,,,,,,,,,,,,,,,,,,,,,,,,,,,,,,,,,,,,,,,,,,,,,,,,,,,,,,,,,,,,,,,
"b5c8277f-39e2-4651-af0c-136d92391f2c",,,,,,"dr1010",,,,,,,,,,,"HumanObservation",,,,,,,,,"Calling","4f4c9286eebda94d820001b4","fbf4b1d3f56c0dd5fb167b710308a90b0ea3b4aa",,,17,,"Not clear how may tadpoles, but there were lots","present",,,,,,,,,,,,,,,,10,,,,,,,"in the pond as tadpoles",8,"2011-08-10",,,,,,,2011,,,30,"Australia",,,,,,,,"EPSG:4326",,,,,,,,,,,-31.98392,,,,,115.819572,,,,,,,,,"Western Australia",,,,,,,,,,,,,"2011-08-10",,,,,"Amphibia",,"Moore's Frog","Hylidae","Litoria",,,"Animalia",,,,,,,,"Anura",,,,,"Chordata","species",,,"Litoria moorei",,,,,"urn:lsid:biodiversity.org.au:afd.taxon:5b444966-4c12-4cd3-ad12-a4537746e902","Litoria moorei",,,,,,,,,,,,,,,,,,,"true",,,,,,,,,,,,,,,,,,,,,,,,,,,,,,,,,,,,,,,,,,,,,,,,,,,,,,,,,,,,,,,,,,,,,,,,,,,,,,,,,,,,,,,,,,,,,,,,,,,,,,,,,,,,,,,,,,,,,,,,,,,,,,,,,,,,,,,,,,,,,,,,,,,,,,,,,,,,,,,,,,,,,,,,,,,,,,,,,,,,,,,,,,,,,,,,,,,,,,,,,,,,,,,,,,,,,,,,,,,,,,,,,,,,,,,,,,,,,,,,,,,,,,,,,,,,,,,,,,,,,,,,,,,,,,,,,,,,,,,,,,,,,,,,,,,,,,,,,,,,,,,,,,,,,,,,,,,,,,,,,,,,,,,,,,,,,,,,,,,,,,,,,,,,,,,,,,,,,,,,,,,,,,,,,,,,,,,,,,,,,,,,,,,,,,,,,,,,,,,,,,,,,,,,,,,,,,,,,,,,,,,,,,,,,,,,,,,,,,,,,,,,,,,,,,,,,,,,,,,,,,,,,,,,,,,,,,,,,,,,,,
"8ed539c2-e943-46e8-9aad-4a596a3a6c2d",,,,,,"dr1010",,,,,,,,,,,"HumanObservation",,,,,,,,,"Calling","4f4c9286eebda94d820001ba","aee54e44d6443bf78e4afe3d5b47acfa2b570e7c",,,0,,"Many tadpoles present but, no calling mating seen","present",,,,,,,,,,,,,,,,9,,,,,,,"",8,"2011-08-09",,,,,,,2011,,,30,"Australia",,,,,,,,"EPSG:4326",,,,,,,,,,,-31.98392,,,,,115.819572,,,,,,,,,"Western Australia",,,,,,,,,,,,,"2011-08-09",,,,,"Amphibia",,"Moore's Frog","Hylidae","Litoria",,,"Animalia",,,,,,,,"Anura",,,,,"Chordata","species",,,"Litoria moorei",,,,,"urn:lsid:biodiversity.org.au:afd.taxon:5b444966-4c12-4cd3-ad12-a4537746e902","Litoria moorei",,,,,,,,,,,,,,,,,,,"true",,,,,,,,,,,,,,,,,,,,,,,,,,,,,,,,,,,,,,,,,,,,,,,,,,,,,,,,,,,,,,,,,,,,,,,,,,,,,,,,,,,,,,,,,,,,,,,,,,,,,,,,,,,,,,,,,,,,,,,,,,,,,,,,,,,,,,,,,,,,,,,,,,,,,,,,,,,,,,,,,,,,,,,,,,,,,,,,,,,,,,,,,,,,,,,,,,,,,,,,,,,,,,,,,,,,,,,,,,,,,,,,,,,,,,,,,,,,,,,,,,,,,,,,,,,,,,,,,,,,,,,,,,,,,,,,,,,,,,,,,,,,,,,,,,,,,,,,,,,,,,,,,,,,,,,,,,,,,,,,,,,,,,,,,,,,,,,,,,,,,,,,,,,,,,,,,,,,,,,,,,,,,,,,,,,,,,,,,,,,,,,,,,,,,,,,,,,,,,,,,,,,,,,,,,,,,,,,,,,,,,,,,,,,,,,,,,,,,,,,,,,,,,,,,,,,,,,,,,,,,,,,,,,,,,,,,,,,,,,,,,
"5377bf55-2241-4842-b32d-41f8278fffb3",,,,,,"dr1010",,,,,,,,,,,"HumanObservation",,,,,,,,,"Calling","4f4c9286eebda94d820001c3","fbd51b9b4315aab376b82980db60546c5aef379b",,,2,,"","present",,,,,,,,,,,,,,,,10,,,,,,,"",8,"2011-08-10",,,,,,,2011,,,30,"Australia",,,,,,,,"EPSG:4326",,,,,,,,,,,-35.014749,,,,,117.913879,,,,,,,,,"Western Australia",,,,,,,,,,,,,"2011-08-10",,,,,"Amphibia",,"Tschudi's Froglet","Myobatrachidae","Crinia",,,"Animalia",,,,,,,,"Anura",,,,,"Chordata","species",,,"Crinia georgiana",,,,,"urn:lsid:biodiversity.org.au:afd.taxon:5bbe186a-7229-4252-a33e-b0bda70f5fe5","Crinia georgiana",,,,,,,,,,,,,,,,,,,"true",,,,,,,,,,,,,,,,,,,,,,,,,,,,,,,,,,,,,,,,,,,,,,,,,,,,,,,,,,,,,,,,,,,,,,,,,,,,,,,,,,,,,,,,,,,,,,,,,,,,,,,,,,,,,,,,,,,,,,,,,,,,,,,,,,,,,,,,,,,,,,,,,,,,,,,,,,,,,,,,,,,,,,,,,,,,,,,,,,,,,,,,,,,,,,,,,,,,,,,,,,,,,,,,,,,,,,,,,,,,,,,,,,,,,,,,,,,,,,,,,,,,,,,,,,,,,,,,,,,,,,,,,,,,,,,,,,,,,,,,,,,,,,,,,,,,,,,,,,,,,,,,,,,,,,,,,,,,,,,,,,,,,,,,,,,,,,,,,,,,,,,,,,,,,,,,,,,,,,,,,,,,,,,,,,,,,,,,,,,,,,,,,,,,,,,,,,,,,,,,,,,,,,,,,,,,,,,,,,,,,,,,,,,,,,,,,,,,,,,,,,,,,,,,,,,,,,,,,,,,,,,,,,,,,,,,,,,,,,,,,,
"dd6e37d0-4ebf-4e8b-8db3-99b36c50a432",,,,,,"dr1010",,,,,,,,,,,"HumanObservation",,,,,,,,,"Calling","4f4c9287eebda94d820001cc","ed326b2913a32b648b94043a3559cd8f410f4af0",,,0,,"many tadpoles present in pond","present",,,,,,,,,,,,,,,,9,,,,,,,"",8,"2011-08-09",,,,,,,2011,,,30,"Australia",,,,,,,,"EPSG:4326",,,,,,,,,,,-31.98392,,,,,115.819572,,,,,,,,,"Western Australia",,,,,,,,,,,,,"2011-08-09",,,,,"Amphibia",,"Moore's Frog","Hylidae","Litoria",,,"Animalia",,,,,,,,"Anura",,,,,"Chordata","species",,,"Litoria moorei",,,,,"urn:lsid:biodiversity.org.au:afd.taxon:5b444966-4c12-4cd3-ad12-a4537746e902","Litoria moorei",,,,,,,,,,,,,,,,,,,"true",,,,,,,,,,,,,,,,,,,,,,,,,,,,,,,,,,,,,,,,,,,,,,,,,,,,,,,,,,,,,,,,,,,,,,,,,,,,,,,,,,,,,,,,,,,,,,,,,,,,,,,,,,,,,,,,,,,,,,,,,,,,,,,,,,,,,,,,,,,,,,,,,,,,,,,,,,,,,,,,,,,,,,,,,,,,,,,,,,,,,,,,,,,,,,,,,,,,,,,,,,,,,,,,,,,,,,,,,,,,,,,,,,,,,,,,,,,,,,,,,,,,,,,,,,,,,,,,,,,,,,,,,,,,,,,,,,,,,,,,,,,,,,,,,,,,,,,,,,,,,,,,,,,,,,,,,,,,,,,,,,,,,,,,,,,,,,,,,,,,,,,,,,,,,,,,,,,,,,,,,,,,,,,,,,,,,,,,,,,,,,,,,,,,,,,,,,,,,,,,,,,,,,,,,,,,,,,,,,,,,,,,,,,,,,,,,,,,,,,,,,,,,,,,,,,,,,,,,,,,,,,,,,,,,,,,,,,,,,,,,,
"0ef5882e-13d3-4d82-9920-f0296e588ff7",,,,,,"dr1010",,,,,,,,,,,"HumanObservation",,,,,,,,,"Calling","4f4c9288eebda94d820001f1","0caa59308f45d8970d45c6f942a29bc22fc8dcd1",,,2,,"","present",,,,,,,,,,,,,,,,10,,,,,,,"",8,"2011-08-10",,,,,,,2011,,,30,"Australia",,,,,,,,"EPSG:4326",,,,,,,,,,,-35.011875,,,,,117.916959,,,,,,,,,"Western Australia",,,,,,,,,,,,,"2011-08-10",,,,,"Amphibia",,"Tschudi's Froglet","Myobatrachidae","Crinia",,,"Animalia",,,,,,,,"Anura",,,,,"Chordata","species",,,"Crinia georgiana",,,,,"urn:lsid:biodiversity.org.au:afd.taxon:5bbe186a-7229-4252-a33e-b0bda70f5fe5","Crinia georgiana",,,,,,,,,,,,,,,,,,,"true",,,,,,,,,,,,,,,,,,,,,,,,,,,,,,,,,,,,,,,,,,,,,,,,,,,,,,,,,,,,,,,,,,,,,,,,,,,,,,,,,,,,,,,,,,,,,,,,,,,,,,,,,,,,,,,,,,,,,,,,,,,,,,,,,,,,,,,,,,,,,,,,,,,,,,,,,,,,,,,,,,,,,,,,,,,,,,,,,,,,,,,,,,,,,,,,,,,,,,,,,,,,,,,,,,,,,,,,,,,,,,,,,,,,,,,,,,,,,,,,,,,,,,,,,,,,,,,,,,,,,,,,,,,,,,,,,,,,,,,,,,,,,,,,,,,,,,,,,,,,,,,,,,,,,,,,,,,,,,,,,,,,,,,,,,,,,,,,,,,,,,,,,,,,,,,,,,,,,,,,,,,,,,,,,,,,,,,,,,,,,,,,,,,,,,,,,,,,,,,,,,,,,,,,,,,,,,,,,,,,,,,,,,,,,,,,,,,,,,,,,,,,,,,,,,,,,,,,,,,,,,,,,,,,,,,,,,,,,,,,,,
"a2f7a86b-9ffe-41ca-b709-7cda24b2b489",,,,,,"dr1010",,,,,,,,,,,"HumanObservation",,,,,,,,,"Calling","4f4c928aeebda94d8200026a","3ac042abf32a676b6d4a4adb2b840bef1131a8a7",,,3,,"","present",,,,,,,,,,,,,,,,10,,,,,,,"lake",8,"2011-08-10",,,,,,,2011,,,30,"Australia",,,,,,,,"EPSG:4326",,,,,,,,,,,-35.011202,,,,,117.916517,,,,,,,,,"Western Australia",,,,,,,,,,,,,"2011-08-10",,,,,"Amphibia",,"Tschudi's Froglet","Myobatrachidae","Crinia",,,"Animalia",,,,,,,,"Anura",,,,,"Chordata","species",,,"Crinia georgiana",,,,,"urn:lsid:biodiversity.org.au:afd.taxon:5bbe186a-7229-4252-a33e-b0bda70f5fe5","Crinia georgiana",,,,,,,,,,,,,,,,,,,"true",,,,,,,,,,,,,,,,,,,,,,,,,,,,,,,,,,,,,,,,,,,,,,,,,,,,,,,,,,,,,,,,,,,,,,,,,,,,,,,,,,,,,,,,,,,,,,,,,,,,,,,,,,,,,,,,,,,,,,,,,,,,,,,,,,,,,,,,,,,,,,,,,,,,,,,,,,,,,,,,,,,,,,,,,,,,,,,,,,,,,,,,,,,,,,,,,,,,,,,,,,,,,,,,,,,,,,,,,,,,,,,,,,,,,,,,,,,,,,,,,,,,,,,,,,,,,,,,,,,,,,,,,,,,,,,,,,,,,,,,,,,,,,,,,,,,,,,,,,,,,,,,,,,,,,,,,,,,,,,,,,,,,,,,,,,,,,,,,,,,,,,,,,,,,,,,,,,,,,,,,,,,,,,,,,,,,,,,,,,,,,,,,,,,,,,,,,,,,,,,,,,,,,,,,,,,,,,,,,,,,,,,,,,,,,,,,,,,,,,,,,,,,,,,,,,,,,,,,,,,,,,,,,,,,,,,,,,,,,,,,,
"3c3dcc65-1331-451b-abff-0d91b4ddb7dd",,,,,,"dr1010",,,,,,,,,,,"HumanObservation",,,,,,,,,"Calling","4f4c928aeebda94d8200026c","13657a8215acf0cc6029dd21bb73c82a3560e851",,,1,,"","present",,,,,,,,,,,,,,,,10,,,,,,,"lake",8,"2011-08-10",,,,,,,2011,,,30,"Australia",,,,,,,,"EPSG:4326",,,,,,,,,,,-35.011123,,,,,117.916397,,,,,,,,,"Western Australia",,,,,,,,,,,,,"2011-08-10",,,,,"Amphibia",,"Tschudi's Froglet","Myobatrachidae","Crinia",,,"Animalia",,,,,,,,"Anura",,,,,"Chordata","species",,,"Crinia georgiana",,,,,"urn:lsid:biodiversity.org.au:afd.taxon:5bbe186a-7229-4252-a33e-b0bda70f5fe5","Crinia georgiana",,,,,,,,,,,,,,,,,,,"true",,,,,,,,,,,,,,,,,,,,,,,,,,,,,,,,,,,,,,,,,,,,,,,,,,,,,,,,,,,,,,,,,,,,,,,,,,,,,,,,,,,,,,,,,,,,,,,,,,,,,,,,,,,,,,,,,,,,,,,,,,,,,,,,,,,,,,,,,,,,,,,,,,,,,,,,,,,,,,,,,,,,,,,,,,,,,,,,,,,,,,,,,,,,,,,,,,,,,,,,,,,,,,,,,,,,,,,,,,,,,,,,,,,,,,,,,,,,,,,,,,,,,,,,,,,,,,,,,,,,,,,,,,,,,,,,,,,,,,,,,,,,,,,,,,,,,,,,,,,,,,,,,,,,,,,,,,,,,,,,,,,,,,,,,,,,,,,,,,,,,,,,,,,,,,,,,,,,,,,,,,,,,,,,,,,,,,,,,,,,,,,,,,,,,,,,,,,,,,,,,,,,,,,,,,,,,,,,,,,,,,,,,,,,,,,,,,,,,,,,,,,,,,,,,,,,,,,,,,,,,,,,,,,,,,,,,,,,,,,,,,
"47ac89a8-d75f-411b-b5b4-31841c0db9f0",,,,,,"dr1010",,,,,,,,,,,"HumanObservation",,,,,,,,,"Calling","4f4c928aeebda94d8200026e","0caa59308f45d8970d45c6f942a29bc22fc8dcd1",,,2,,"","present",,,,,,,,,,,,,,,,10,,,,,,,"Lake",8,"2011-08-10",,,,,,,2011,,,30,"Australia",,,,,,,,"EPSG:4326",,,,,,,,,,,-35.013567,,,,,117.915725,,,,,,,,,"Western Australia",,,,,,,,,,,,,"2011-08-10",,,,,"Amphibia",,"Tschudi's Froglet","Myobatrachidae","Crinia",,,"Animalia",,,,,,,,"Anura",,,,,"Chordata","species",,,"Crinia georgiana",,,,,"urn:lsid:biodiversity.org.au:afd.taxon:5bbe186a-7229-4252-a33e-b0bda70f5fe5","Crinia georgiana",,,,,,,,,,,,,,,,,,,"true",,,,,,,,,,,,,,,,,,,,,,,,,,,,,,,,,,,,,,,,,,,,,,,,,,,,,,,,,,,,,,,,,,,,,,,,,,,,,,,,,,,,,,,,,,,,,,,,,,,,,,,,,,,,,,,,,,,,,,,,,,,,,,,,,,,,,,,,,,,,,,,,,,,,,,,,,,,,,,,,,,,,,,,,,,,,,,,,,,,,,,,,,,,,,,,,,,,,,,,,,,,,,,,,,,,,,,,,,,,,,,,,,,,,,,,,,,,,,,,,,,,,,,,,,,,,,,,,,,,,,,,,,,,,,,,,,,,,,,,,,,,,,,,,,,,,,,,,,,,,,,,,,,,,,,,,,,,,,,,,,,,,,,,,,,,,,,,,,,,,,,,,,,,,,,,,,,,,,,,,,,,,,,,,,,,,,,,,,,,,,,,,,,,,,,,,,,,,,,,,,,,,,,,,,,,,,,,,,,,,,,,,,,,,,,,,,,,,,,,,,,,,,,,,,,,,,,,,,,,,,,,,,,,,,,,,,,,,,,,,,,
"40b0d143-482a-4cd5-ba80-4a546df1ee39",,,,,,"dr1010",,,,,,,,,,,"HumanObservation",,,,,,,,,"Calling","4f4c928aeebda94d8200026f","13657a8215acf0cc6029dd21bb73c82a3560e851",,,1,,"","present",,,,,,,,,,,,,,,,10,,,,,,,"lake",8,"2011-08-10",,,,,,,2011,,,30,"Australia",,,,,,,,"EPSG:4326",,,,,,,,,,,-35.013881,,,,,117.915322,,,,,,,,,"Western Australia",,,,,,,,,,,,,"2011-08-10",,,,,"Amphibia",,"Tschudi's Froglet","Myobatrachidae","Crinia",,,"Animalia",,,,,,,,"Anura",,,,,"Chordata","species",,,"Crinia georgiana",,,,,"urn:lsid:biodiversity.org.au:afd.taxon:5bbe186a-7229-4252-a33e-b0bda70f5fe5","Crinia georgiana",,,,,,,,,,,,,,,,,,,"true",,,,,,,,,,,,,,,,,,,,,,,,,,,,,,,,,,,,,,,,,,,,,,,,,,,,,,,,,,,,,,,,,,,,,,,,,,,,,,,,,,,,,,,,,,,,,,,,,,,,,,,,,,,,,,,,,,,,,,,,,,,,,,,,,,,,,,,,,,,,,,,,,,,,,,,,,,,,,,,,,,,,,,,,,,,,,,,,,,,,,,,,,,,,,,,,,,,,,,,,,,,,,,,,,,,,,,,,,,,,,,,,,,,,,,,,,,,,,,,,,,,,,,,,,,,,,,,,,,,,,,,,,,,,,,,,,,,,,,,,,,,,,,,,,,,,,,,,,,,,,,,,,,,,,,,,,,,,,,,,,,,,,,,,,,,,,,,,,,,,,,,,,,,,,,,,,,,,,,,,,,,,,,,,,,,,,,,,,,,,,,,,,,,,,,,,,,,,,,,,,,,,,,,,,,,,,,,,,,,,,,,,,,,,,,,,,,,,,,,,,,,,,,,,,,,,,,,,,,,,,,,,,,,,,,,,,,,,,,,,,,
"713c1cf4-b801-464c-95e4-7e8b4218d603",,,,,,"dr1010",,,,,,,,,,,"HumanObservation",,,,,,,,,"Calling","4f4c928aeebda94d82000274","3e64ee5b37bf1f2824122f801ec7bb0e1d7eceb3",,,2,,"Frog was heard, not sighted","present",,,,,,,,,,,,,,,,10,,,,,,,"Lake",8,"2011-08-10",,,,,,,2011,,,30,"Australia",,,,,,,,"EPSG:4326",,,,,,,,,,,-35.010953,,,,,117.916406,,,,,,,,,"Western Australia",,,,,,,,,,,,,"2011-08-10",,,,,"Amphibia",,"Tschudi's Froglet","Myobatrachidae","Crinia",,,"Animalia",,,,,,,,"Anura",,,,,"Chordata","species",,,"Crinia georgiana",,,,,"urn:lsid:biodiversity.org.au:afd.taxon:5bbe186a-7229-4252-a33e-b0bda70f5fe5","Crinia georgiana",,,,,,,,,,,,,,,,,,,"true",,,,,,,,,,,,,,,,,,,,,,,,,,,,,,,,,,,,,,,,,,,,,,,,,,,,,,,,,,,,,,,,,,,,,,,,,,,,,,,,,,,,,,,,,,,,,,,,,,,,,,,,,,,,,,,,,,,,,,,,,,,,,,,,,,,,,,,,,,,,,,,,,,,,,,,,,,,,,,,,,,,,,,,,,,,,,,,,,,,,,,,,,,,,,,,,,,,,,,,,,,,,,,,,,,,,,,,,,,,,,,,,,,,,,,,,,,,,,,,,,,,,,,,,,,,,,,,,,,,,,,,,,,,,,,,,,,,,,,,,,,,,,,,,,,,,,,,,,,,,,,,,,,,,,,,,,,,,,,,,,,,,,,,,,,,,,,,,,,,,,,,,,,,,,,,,,,,,,,,,,,,,,,,,,,,,,,,,,,,,,,,,,,,,,,,,,,,,,,,,,,,,,,,,,,,,,,,,,,,,,,,,,,,,,,,,,,,,,,,,,,,,,,,,,,,,,,,,,,,,,,,,,,,,,,,,,,,,,,,,,,
"84ad7e0c-831a-44e6-9a09-ea4e984aa3a3",,,,,,"dr1010",,,,,,,,,,,"HumanObservation",,,,,,,,,"Presence of Eggs","4f4c928aeebda94d82000276","9b0cc12a09e37152955643cd0fa6ba3bdee7a7fc",,,0,,"","present",,,,,,,,,,,,,,,,10,,,,,,,"",8,"2011-08-10",,,,,,,2011,,,30,"Australia",,,,,,,,"EPSG:4326",,,,,,,,,,,-31.98392,,,,,115.819572,,,,,,,,,"Western Australia",,,,,,,,,,,,,"2011-08-10",,,,,"Amphibia",,"Moore's Frog","Hylidae","Litoria",,,"Animalia",,,,,,,,"Anura",,,,,"Chordata","species",,,"Litoria moorei",,,,,"urn:lsid:biodiversity.org.au:afd.taxon:5b444966-4c12-4cd3-ad12-a4537746e902","Litoria moorei",,,,,,,,,,,,,,,,,,,"true",,,,,,,,,,,,,,,,,,,,,,,,,,,,,,,,,,,,,,,,,,,,,,,,,,,,,,,,,,,,,,,,,,,,,,,,,,,,,,,,,,,,,,,,,,,,,,,,,,,,,,,,,,,,,,,,,,,,,,,,,,,,,,,,,,,,,,,,,,,,,,,,,,,,,,,,,,,,,,,,,,,,,,,,,,,,,,,,,,,,,,,,,,,,,,,,,,,,,,,,,,,,,,,,,,,,,,,,,,,,,,,,,,,,,,,,,,,,,,,,,,,,,,,,,,,,,,,,,,,,,,,,,,,,,,,,,,,,,,,,,,,,,,,,,,,,,,,,,,,,,,,,,,,,,,,,,,,,,,,,,,,,,,,,,,,,,,,,,,,,,,,,,,,,,,,,,,,,,,,,,,,,,,,,,,,,,,,,,,,,,,,,,,,,,,,,,,,,,,,,,,,,,,,,,,,,,,,,,,,,,,,,,,,,,,,,,,,,,,,,,,,,,,,,,,,,,,,,,,,,,,,,,,,,,,,,,,,,,,,,,,
"299c14a5-82ed-4a2b-812b-759c88d42f8a",,,,,,"dr1010",,,,,,,,,,,"HumanObservation",,,,,,,,,"Calling","4f4c928aeebda94d8200028f","8d75ee2efaad753420779ff5fc3ffcd5374c4236",,,20,,"Tadpoles","present",,,,,,,,,,,,,,,,10,,,,,,,"Pond",8,"2011-08-10",,,,,,,2011,,,30,"Australia",,,,,,,,"EPSG:4326",,,,,,,,,,,-31.98392,,,,,115.819572,,,,,,,,,"Western Australia",,,,,,,,,,,,,"2011-08-10",,,,,"Amphibia",,"Moore's Frog","Hylidae","Litoria",,,"Animalia",,,,,,,,"Anura",,,,,"Chordata","species",,,"Litoria moorei",,,,,"urn:lsid:biodiversity.org.au:afd.taxon:5b444966-4c12-4cd3-ad12-a4537746e902","Litoria moorei",,,,,,,,,,,,,,,,,,,"true",,,,,,,,,,,,,,,,,,,,,,,,,,,,,,,,,,,,,,,,,,,,,,,,,,,,,,,,,,,,,,,,,,,,,,,,,,,,,,,,,,,,,,,,,,,,,,,,,,,,,,,,,,,,,,,,,,,,,,,,,,,,,,,,,,,,,,,,,,,,,,,,,,,,,,,,,,,,,,,,,,,,,,,,,,,,,,,,,,,,,,,,,,,,,,,,,,,,,,,,,,,,,,,,,,,,,,,,,,,,,,,,,,,,,,,,,,,,,,,,,,,,,,,,,,,,,,,,,,,,,,,,,,,,,,,,,,,,,,,,,,,,,,,,,,,,,,,,,,,,,,,,,,,,,,,,,,,,,,,,,,,,,,,,,,,,,,,,,,,,,,,,,,,,,,,,,,,,,,,,,,,,,,,,,,,,,,,,,,,,,,,,,,,,,,,,,,,,,,,,,,,,,,,,,,,,,,,,,,,,,,,,,,,,,,,,,,,,,,,,,,,,,,,,,,,,,,,,,,,,,,,,,,,,,,,,,,,,,,,,,,
"1f8cfa49-d1d9-495d-8e02-86be5bba87a3",,,,,,"dr1010",,,,,,,,,,,"HumanObservation",,,,,,,,,"Presence of Eggs","4f4c928beebda94d820002a4","e0adef2ba2e4983cc67eb98df37ede66d331a6ee",,,50,,"there was only the pressence of tadpoles, no frogs were spotted or heard.","present",,,,,,,,,,,,,,,,10,,,,,,,"",8,"2011-08-10",,,,,,,2011,,,30,"Australia",,,,,,,,"EPSG:4326",,,,,,,,,,,-31.98392,,,,,115.819572,,,,,,,,,"Western Australia",,,,,,,,,,,,,"2011-08-10",,,,,"Amphibia",,"Moore's Frog","Hylidae","Litoria",,,"Animalia",,,,,,,,"Anura",,,,,"Chordata","species",,,"Litoria moorei",,,,,"urn:lsid:biodiversity.org.au:afd.taxon:5b444966-4c12-4cd3-ad12-a4537746e902","Litoria moorei",,,,,,,,,,,,,,,,,,,"true",,,,,,,,,,,,,,,,,,,,,,,,,,,,,,,,,,,,,,,,,,,,,,,,,,,,,,,,,,,,,,,,,,,,,,,,,,,,,,,,,,,,,,,,,,,,,,,,,,,,,,,,,,,,,,,,,,,,,,,,,,,,,,,,,,,,,,,,,,,,,,,,,,,,,,,,,,,,,,,,,,,,,,,,,,,,,,,,,,,,,,,,,,,,,,,,,,,,,,,,,,,,,,,,,,,,,,,,,,,,,,,,,,,,,,,,,,,,,,,,,,,,,,,,,,,,,,,,,,,,,,,,,,,,,,,,,,,,,,,,,,,,,,,,,,,,,,,,,,,,,,,,,,,,,,,,,,,,,,,,,,,,,,,,,,,,,,,,,,,,,,,,,,,,,,,,,,,,,,,,,,,,,,,,,,,,,,,,,,,,,,,,,,,,,,,,,,,,,,,,,,,,,,,,,,,,,,,,,,,,,,,,,,,,,,,,,,,,,,,,,,,,,,,,,,,,,,,,,,,,,,,,,,,,,,,,,,,,,,,,,,
"50d11e00-67e5-4a7b-914a-66f362b79825",,,,,,"dr1010",,,,,,,,,,,"HumanObservation",,,,,,,,,"Calling","4f4c928ceebda94d820002e1","ac7759516cd887b183a22a526787fab9da789f98",,,0,,"No frogs present","present",,,,,,,,,,,,,,,,10,,,,,,,"",8,"2011-08-10",,,,,,,2011,,,30,"Australia",,,,,,,,"EPSG:4326",,,,,,,,,,,-31.98392,,,,,115.819572,,,,,,,,,"Western Australia",,,,,,,,,,,,,"2011-08-10",,,,,"Amphibia",,"Moore's Frog","Hylidae","Litoria",,,"Animalia",,,,,,,,"Anura",,,,,"Chordata","species",,,"Litoria moorei",,,,,"urn:lsid:biodiversity.org.au:afd.taxon:5b444966-4c12-4cd3-ad12-a4537746e902","Litoria moorei",,,,,,,,,,,,,,,,,,,"true",,,,,,,,,,,,,,,,,,,,,,,,,,,,,,,,,,,,,,,,,,,,,,,,,,,,,,,,,,,,,,,,,,,,,,,,,,,,,,,,,,,,,,,,,,,,,,,,,,,,,,,,,,,,,,,,,,,,,,,,,,,,,,,,,,,,,,,,,,,,,,,,,,,,,,,,,,,,,,,,,,,,,,,,,,,,,,,,,,,,,,,,,,,,,,,,,,,,,,,,,,,,,,,,,,,,,,,,,,,,,,,,,,,,,,,,,,,,,,,,,,,,,,,,,,,,,,,,,,,,,,,,,,,,,,,,,,,,,,,,,,,,,,,,,,,,,,,,,,,,,,,,,,,,,,,,,,,,,,,,,,,,,,,,,,,,,,,,,,,,,,,,,,,,,,,,,,,,,,,,,,,,,,,,,,,,,,,,,,,,,,,,,,,,,,,,,,,,,,,,,,,,,,,,,,,,,,,,,,,,,,,,,,,,,,,,,,,,,,,,,,,,,,,,,,,,,,,,,,,,,,,,,,,,,,,,,,,,,,,,,,
"80afd39d-929b-40ba-8afb-4b4c99862735",,,,,,"dr1010",,,,,,,,,,,"HumanObservation",,,,,,,,,"Presence of Eggs","4f4c928deebda94d820002f0","fb81b0d01583ec16caa7e5e34528e32d31b2712b",,,0,,"No frogs or tadpols were present at the time","present",,,,,,,,,,,,,,,,10,,,,,,,"UWA Pond",8,"2011-08-10",,,,,,,2011,,,30,"Australia",,,,,,,,"EPSG:4326",,,,,,,,,,,-31.98392,,,,,115.819572,,,,,,,,,"Western Australia",,,,,,,,,,,,,"2011-08-10",,,,,"Amphibia",,"Moore's Frog","Hylidae","Litoria",,,"Animalia",,,,,,,,"Anura",,,,,"Chordata","species",,,"Litoria moorei",,,,,"urn:lsid:biodiversity.org.au:afd.taxon:5b444966-4c12-4cd3-ad12-a4537746e902","Litoria moorei",,,,,,,,,,,,,,,,,,,"true",,,,,,,,,,,,,,,,,,,,,,,,,,,,,,,,,,,,,,,,,,,,,,,,,,,,,,,,,,,,,,,,,,,,,,,,,,,,,,,,,,,,,,,,,,,,,,,,,,,,,,,,,,,,,,,,,,,,,,,,,,,,,,,,,,,,,,,,,,,,,,,,,,,,,,,,,,,,,,,,,,,,,,,,,,,,,,,,,,,,,,,,,,,,,,,,,,,,,,,,,,,,,,,,,,,,,,,,,,,,,,,,,,,,,,,,,,,,,,,,,,,,,,,,,,,,,,,,,,,,,,,,,,,,,,,,,,,,,,,,,,,,,,,,,,,,,,,,,,,,,,,,,,,,,,,,,,,,,,,,,,,,,,,,,,,,,,,,,,,,,,,,,,,,,,,,,,,,,,,,,,,,,,,,,,,,,,,,,,,,,,,,,,,,,,,,,,,,,,,,,,,,,,,,,,,,,,,,,,,,,,,,,,,,,,,,,,,,,,,,,,,,,,,,,,,,,,,,,,,,,,,,,,,,,,,,,,,,,,,,,,
"b81083f1-3e1a-4702-91c3-94cdb325e207",,,,,,"dr1010",,,,,,,,,,,"HumanObservation",,,,,,,,,"Calling","4f4c928deebda94d82000309","756410b07d0fbc5868ba291bd6f0e71abe83166c",,,10,,"","present",,,,,,,,,,,,,,,,10,,,,,,,"",8,"2011-08-10",,,,,,,2011,,,30,"Australia",,,,,,,,"EPSG:4326",,,,,,,,,,,-31.98392,,,,,115.819572,,,,,,,,,"Western Australia",,,,,,,,,,,,,"2011-08-10",,,,,"Amphibia",,"Moore's Frog","Hylidae","Litoria",,,"Animalia",,,,,,,,"Anura",,,,,"Chordata","species",,,"Litoria moorei",,,,,"urn:lsid:biodiversity.org.au:afd.taxon:5b444966-4c12-4cd3-ad12-a4537746e902","Litoria moorei",,,,,,,,,,,,,,,,,,,"true",,,,,,,,,,,,,,,,,,,,,,,,,,,,,,,,,,,,,,,,,,,,,,,,,,,,,,,,,,,,,,,,,,,,,,,,,,,,,,,,,,,,,,,,,,,,,,,,,,,,,,,,,,,,,,,,,,,,,,,,,,,,,,,,,,,,,,,,,,,,,,,,,,,,,,,,,,,,,,,,,,,,,,,,,,,,,,,,,,,,,,,,,,,,,,,,,,,,,,,,,,,,,,,,,,,,,,,,,,,,,,,,,,,,,,,,,,,,,,,,,,,,,,,,,,,,,,,,,,,,,,,,,,,,,,,,,,,,,,,,,,,,,,,,,,,,,,,,,,,,,,,,,,,,,,,,,,,,,,,,,,,,,,,,,,,,,,,,,,,,,,,,,,,,,,,,,,,,,,,,,,,,,,,,,,,,,,,,,,,,,,,,,,,,,,,,,,,,,,,,,,,,,,,,,,,,,,,,,,,,,,,,,,,,,,,,,,,,,,,,,,,,,,,,,,,,,,,,,,,,,,,,,,,,,,,,,,,,,,,,,,
"fc0be5db-146c-4e15-9b0f-f8f78511216d",,,,,,"dr1010",,,,,,,,,,,"HumanObservation",,,,,,,,,"Presence of Eggs","4f4c928deebda94d82000310","299302548d4af422842af25b9644f20e6374f24d",,,50,,"","present",,,,,,,,,,,,,,,,10,,,,,,,"",8,"2011-08-10",,,,,,,2011,,,30,"Australia",,,,,,,,"EPSG:4326",,,,,,,,,,,-31.98392,,,,,115.819572,,,,,,,,,"Western Australia",,,,,,,,,,,,,"2011-08-10",,,,,"Amphibia",,"Moore's Frog","Hylidae","Litoria",,,"Animalia",,,,,,,,"Anura",,,,,"Chordata","species",,,"Litoria moorei",,,,,"urn:lsid:biodiversity.org.au:afd.taxon:5b444966-4c12-4cd3-ad12-a4537746e902","Litoria moorei",,,,,,,,,,,,,,,,,,,"true",,,,,,,,,,,,,,,,,,,,,,,,,,,,,,,,,,,,,,,,,,,,,,,,,,,,,,,,,,,,,,,,,,,,,,,,,,,,,,,,,,,,,,,,,,,,,,,,,,,,,,,,,,,,,,,,,,,,,,,,,,,,,,,,,,,,,,,,,,,,,,,,,,,,,,,,,,,,,,,,,,,,,,,,,,,,,,,,,,,,,,,,,,,,,,,,,,,,,,,,,,,,,,,,,,,,,,,,,,,,,,,,,,,,,,,,,,,,,,,,,,,,,,,,,,,,,,,,,,,,,,,,,,,,,,,,,,,,,,,,,,,,,,,,,,,,,,,,,,,,,,,,,,,,,,,,,,,,,,,,,,,,,,,,,,,,,,,,,,,,,,,,,,,,,,,,,,,,,,,,,,,,,,,,,,,,,,,,,,,,,,,,,,,,,,,,,,,,,,,,,,,,,,,,,,,,,,,,,,,,,,,,,,,,,,,,,,,,,,,,,,,,,,,,,,,,,,,,,,,,,,,,,,,,,,,,,,,,,,,,,,
"7e4c9b93-b43c-4226-b355-571406ce8441",,,,,,"dr1010",,,,,,,,,,,"HumanObservation",,,,,,,,,"Presence of Eggs","4f4c928feebda94d82000341","55ac570adb5c407ce77d33b3acc2751e3c32fd80",,,0,,"no sign of frogs in the pond , there was some kind of small fish in the pond.","present",,,,,,,,,,,,,,,,10,,,,,,,"",8,"2011-08-10",,,,,,,2011,,,30,"Australia",,,,,,,,"EPSG:4326",,,,,,,,,,,-31.98392,,,,,115.819572,,,,,,,,,"Western Australia",,,,,,,,,,,,,"2011-08-10",,,,,"Amphibia",,"Moore's Frog","Hylidae","Litoria",,,"Animalia",,,,,,,,"Anura",,,,,"Chordata","species",,,"Litoria moorei",,,,,"urn:lsid:biodiversity.org.au:afd.taxon:5b444966-4c12-4cd3-ad12-a4537746e902","Litoria moorei",,,,,,,,,,,,,,,,,,,"true",,,,,,,,,,,,,,,,,,,,,,,,,,,,,,,,,,,,,,,,,,,,,,,,,,,,,,,,,,,,,,,,,,,,,,,,,,,,,,,,,,,,,,,,,,,,,,,,,,,,,,,,,,,,,,,,,,,,,,,,,,,,,,,,,,,,,,,,,,,,,,,,,,,,,,,,,,,,,,,,,,,,,,,,,,,,,,,,,,,,,,,,,,,,,,,,,,,,,,,,,,,,,,,,,,,,,,,,,,,,,,,,,,,,,,,,,,,,,,,,,,,,,,,,,,,,,,,,,,,,,,,,,,,,,,,,,,,,,,,,,,,,,,,,,,,,,,,,,,,,,,,,,,,,,,,,,,,,,,,,,,,,,,,,,,,,,,,,,,,,,,,,,,,,,,,,,,,,,,,,,,,,,,,,,,,,,,,,,,,,,,,,,,,,,,,,,,,,,,,,,,,,,,,,,,,,,,,,,,,,,,,,,,,,,,,,,,,,,,,,,,,,,,,,,,,,,,,,,,,,,,,,,,,,,,,,,,,,,,,,,,
"2b404a3a-cc31-409f-9466-4259cdb5d4ab",,,,,,"dr1010",,,,,,,,,,,"HumanObservation",,,,,,,,,"Presence of Eggs","4f4c9290eebda94d8200038e","54c1435ff3fae9fc4dad7246619c6790dfccf1b3",,,0,,"","present",,,,,,,,,,,,,,,,10,,,,,,,"A Pond",8,"2011-08-10",,,,,,,2011,,,30,"Australia",,,,,,,,"EPSG:4326",,,,,,,,,,,-31.98392,,,,,115.819572,,,,,,,,,"Western Australia",,,,,,,,,,,,,"2011-08-10",,,,,"Amphibia",,"Moore's Frog","Hylidae","Litoria",,,"Animalia",,,,,,,,"Anura",,,,,"Chordata","species",,,"Litoria moorei",,,,,"urn:lsid:biodiversity.org.au:afd.taxon:5b444966-4c12-4cd3-ad12-a4537746e902","Litoria moorei",,,,,,,,,,,,,,,,,,,"true",,,,,,,,,,,,,,,,,,,,,,,,,,,,,,,,,,,,,,,,,,,,,,,,,,,,,,,,,,,,,,,,,,,,,,,,,,,,,,,,,,,,,,,,,,,,,,,,,,,,,,,,,,,,,,,,,,,,,,,,,,,,,,,,,,,,,,,,,,,,,,,,,,,,,,,,,,,,,,,,,,,,,,,,,,,,,,,,,,,,,,,,,,,,,,,,,,,,,,,,,,,,,,,,,,,,,,,,,,,,,,,,,,,,,,,,,,,,,,,,,,,,,,,,,,,,,,,,,,,,,,,,,,,,,,,,,,,,,,,,,,,,,,,,,,,,,,,,,,,,,,,,,,,,,,,,,,,,,,,,,,,,,,,,,,,,,,,,,,,,,,,,,,,,,,,,,,,,,,,,,,,,,,,,,,,,,,,,,,,,,,,,,,,,,,,,,,,,,,,,,,,,,,,,,,,,,,,,,,,,,,,,,,,,,,,,,,,,,,,,,,,,,,,,,,,,,,,,,,,,,,,,,,,,,,,,,,,,,,,,,,
"8d3be697-663a-446a-a453-5a402349c536",,,,,,"dr1010",,,,,,,,,,,"HumanObservation",,,,,,,,,"Calling","4f4c9291eebda94d820003aa","a662bfa2d7711558cea02aa98cdad98f800d5674",,,2,,"","present",,,,,,,,,,,,,,,,10,,,,,,,"",8,"2011-08-10",,,,,,,2011,,,30,"Australia",,,,,,,,"EPSG:4326",,,,,,,,,,,-35.011688,,,,,117.916909,,,,,,,,,"Western Australia",,,,,,,,,,,,,"2011-08-10",,,,,"Amphibia",,"Tschudi's Froglet","Myobatrachidae","Crinia",,,"Animalia",,,,,,,,"Anura",,,,,"Chordata","species",,,"Crinia georgiana",,,,,"urn:lsid:biodiversity.org.au:afd.taxon:5bbe186a-7229-4252-a33e-b0bda70f5fe5","Crinia georgiana",,,,,,,,,,,,,,,,,,,"true",,,,,,,,,,,,,,,,,,,,,,,,,,,,,,,,,,,,,,,,,,,,,,,,,,,,,,,,,,,,,,,,,,,,,,,,,,,,,,,,,,,,,,,,,,,,,,,,,,,,,,,,,,,,,,,,,,,,,,,,,,,,,,,,,,,,,,,,,,,,,,,,,,,,,,,,,,,,,,,,,,,,,,,,,,,,,,,,,,,,,,,,,,,,,,,,,,,,,,,,,,,,,,,,,,,,,,,,,,,,,,,,,,,,,,,,,,,,,,,,,,,,,,,,,,,,,,,,,,,,,,,,,,,,,,,,,,,,,,,,,,,,,,,,,,,,,,,,,,,,,,,,,,,,,,,,,,,,,,,,,,,,,,,,,,,,,,,,,,,,,,,,,,,,,,,,,,,,,,,,,,,,,,,,,,,,,,,,,,,,,,,,,,,,,,,,,,,,,,,,,,,,,,,,,,,,,,,,,,,,,,,,,,,,,,,,,,,,,,,,,,,,,,,,,,,,,,,,,,,,,,,,,,,,,,,,,,,,,,,,,,
"212c0d04-4a67-4da5-b620-3f125244123e",,,,,,"dr1010",,,,,,,,,,,"HumanObservation",,,,,,,,,"Calling","4f4c9291eebda94d820003ab","a662bfa2d7711558cea02aa98cdad98f800d5674",,,1,,"","present",,,,,,,,,,,,,,,,10,,,,,,,"",8,"2011-08-10",,,,,,,2011,,,30,"Australia",,,,,,,,"EPSG:4326",,,,,,,,,,,-35.014422,,,,,117.914674,,,,,,,,,"Western Australia",,,,,,,,,,,,,"2011-08-10",,,,,"Amphibia",,"Tschudi's Froglet","Myobatrachidae","Crinia",,,"Animalia",,,,,,,,"Anura",,,,,"Chordata","species",,,"Crinia georgiana",,,,,"urn:lsid:biodiversity.org.au:afd.taxon:5bbe186a-7229-4252-a33e-b0bda70f5fe5","Crinia georgiana",,,,,,,,,,,,,,,,,,,"true",,,,,,,,,,,,,,,,,,,,,,,,,,,,,,,,,,,,,,,,,,,,,,,,,,,,,,,,,,,,,,,,,,,,,,,,,,,,,,,,,,,,,,,,,,,,,,,,,,,,,,,,,,,,,,,,,,,,,,,,,,,,,,,,,,,,,,,,,,,,,,,,,,,,,,,,,,,,,,,,,,,,,,,,,,,,,,,,,,,,,,,,,,,,,,,,,,,,,,,,,,,,,,,,,,,,,,,,,,,,,,,,,,,,,,,,,,,,,,,,,,,,,,,,,,,,,,,,,,,,,,,,,,,,,,,,,,,,,,,,,,,,,,,,,,,,,,,,,,,,,,,,,,,,,,,,,,,,,,,,,,,,,,,,,,,,,,,,,,,,,,,,,,,,,,,,,,,,,,,,,,,,,,,,,,,,,,,,,,,,,,,,,,,,,,,,,,,,,,,,,,,,,,,,,,,,,,,,,,,,,,,,,,,,,,,,,,,,,,,,,,,,,,,,,,,,,,,,,,,,,,,,,,,,,,,,,,,,,,,,,,
"919eaf60-b86a-40e8-92f4-cda31e96e215",,,,,,"dr1010",,,,,,,,,,,"HumanObservation",,,,,,,,,"Calling","4f4c9293eebda94d82000410","1d1f115008a6fd4fa4618cc8e19eb74ec6c9e871",,,6,,"calls were sensory","present",,,,,,,,,,,,,,,,14,,,,,,,"pond, floating vegetation and within reed beds",9,"2011-09-14",,,,,,,2011,,,30,"Australia",,,,,,,,"EPSG:4326",,,,,,,,,,,-31.862776,,,,,115.947747,,,,,,,,,"Western Australia",,,,,,,,,,,,,"2011-09-14",,,,,"Amphibia",,"Moore's Frog","Hylidae","Litoria",,,"Animalia",,,,,,,,"Anura",,,,,"Chordata","species",,,"Litoria moorei",,,,,"urn:lsid:biodiversity.org.au:afd.taxon:5b444966-4c12-4cd3-ad12-a4537746e902","Litoria moorei",,,,,,,,,,,,,,,,,,,"true",,,,,,,,,,,,,,,,,,,,,,,,,,,,,,,,,,,,,,,,,,,,,,,,,,,,,,,,,,,,,,,,,,,,,,,,,,,,,,,,,,,,,,,,,,,,,,,,,,,,,,,,,,,,,,,,,,,,,,,,,,,,,,,,,,,,,,,,,,,,,,,,,,,,,,,,,,,,,,,,,,,,,,,,,,,,,,,,,,,,,,,,,,,,,,,,,,,,,,,,,,,,,,,,,,,,,,,,,,,,,,,,,,,,,,,,,,,,,,,,,,,,,,,,,,,,,,,,,,,,,,,,,,,,,,,,,,,,,,,,,,,,,,,,,,,,,,,,,,,,,,,,,,,,,,,,,,,,,,,,,,,,,,,,,,,,,,,,,,,,,,,,,,,,,,,,,,,,,,,,,,,,,,,,,,,,,,,,,,,,,,,,,,,,,,,,,,,,,,,,,,,,,,,,,,,,,,,,,,,,,,,,,,,,,,,,,,,,,,,,,,,,,,,,,,,,,,,,,,,,,,,,,,,,,,,,,,,,,,,,,,
